-- MySQL dump 10.13  Distrib 5.7.21, for Linux (x86_64)
--
-- Host: 59.110.243.225    Database: attendance
-- ------------------------------------------------------
-- Server version	5.7.20-0ubuntu0.16.04.1

/*!40101 SET @OLD_CHARACTER_SET_CLIENT=@@CHARACTER_SET_CLIENT */;
/*!40101 SET @OLD_CHARACTER_SET_RESULTS=@@CHARACTER_SET_RESULTS */;
/*!40101 SET @OLD_COLLATION_CONNECTION=@@COLLATION_CONNECTION */;
/*!40101 SET NAMES utf8 */;
/*!40103 SET @OLD_TIME_ZONE=@@TIME_ZONE */;
/*!40103 SET TIME_ZONE='+00:00' */;
/*!40014 SET @OLD_UNIQUE_CHECKS=@@UNIQUE_CHECKS, UNIQUE_CHECKS=0 */;
/*!40014 SET @OLD_FOREIGN_KEY_CHECKS=@@FOREIGN_KEY_CHECKS, FOREIGN_KEY_CHECKS=0 */;
/*!40101 SET @OLD_SQL_MODE=@@SQL_MODE, SQL_MODE='NO_AUTO_VALUE_ON_ZERO' */;
/*!40111 SET @OLD_SQL_NOTES=@@SQL_NOTES, SQL_NOTES=0 */;

--
-- Table structure for table `attendances`
--

DROP TABLE IF EXISTS `attendances`;
/*!40101 SET @saved_cs_client     = @@character_set_client */;
/*!40101 SET character_set_client = utf8 */;
CREATE TABLE `attendances` (
  `id` int(10) unsigned NOT NULL AUTO_INCREMENT COMMENT '签到事件id',
  `att_token` varchar(191) COLLATE utf8mb4_unicode_ci NOT NULL COMMENT '签到事件唯一码',
  `should` int(11) NOT NULL COMMENT '签到事件应到人数',
  `real` int(11) NOT NULL DEFAULT '0' COMMENT '签到事件实到人数',
  `class_id` int(10) unsigned NOT NULL COMMENT '签到班级id',
  `creator_id` int(10) unsigned NOT NULL COMMENT '签到事件发起者id',
  `created_at` timestamp NULL DEFAULT NULL,
  `updated_at` timestamp NULL DEFAULT NULL,
  `status` int(11) NOT NULL DEFAULT '1',
  PRIMARY KEY (`id`),
  KEY `attendances_class_id_foreign` (`class_id`),
  KEY `attendances_creator_id_foreign` (`creator_id`),
  CONSTRAINT `attendances_class_id_foreign` FOREIGN KEY (`class_id`) REFERENCES `classes` (`id`) ON DELETE CASCADE,
  CONSTRAINT `attendances_creator_id_foreign` FOREIGN KEY (`creator_id`) REFERENCES `users` (`id`) ON DELETE CASCADE
) ENGINE=InnoDB AUTO_INCREMENT=203 DEFAULT CHARSET=utf8mb4 COLLATE=utf8mb4_unicode_ci;
/*!40101 SET character_set_client = @saved_cs_client */;

--
-- Dumping data for table `attendances`
--

LOCK TABLES `attendances` WRITE;
/*!40000 ALTER TABLE `attendances` DISABLE KEYS */;
INSERT INTO `attendances` VALUES (43,'fDe580uvAG',9,5,11,56,'2018-02-04 23:01:58','2018-02-04 23:01:58',0),(44,'XVARlVWawg',9,2,11,56,'2018-02-04 23:01:58','2018-02-04 23:01:58',0),(45,'ESKDIZT2h2',9,4,11,57,'2018-02-04 23:01:58','2018-02-04 23:01:58',0),(46,'zIqmJva2v9',0,0,5,56,'2018-02-04 23:01:58','2018-02-04 23:01:58',0),(47,'O0LMpM0I9a',9,5,13,57,'2018-02-04 23:01:58','2018-02-04 23:01:58',0),(48,'v8znhvBH1x',3,1,10,57,'2018-02-04 23:01:58','2018-02-04 23:01:58',0),(49,'72hLFABHGo',3,1,10,57,'2018-02-04 23:01:58','2018-02-04 23:01:58',0),(50,'E1AtPl4eBv',9,5,11,56,'2018-02-04 23:01:58','2018-02-04 23:01:58',0),(51,'wWSNgXid3Z',9,3,9,56,'2018-02-04 23:01:58','2018-02-04 23:01:58',0),(52,'SlGIh6UGTy',18,9,3,56,'2018-02-04 23:01:58','2018-02-04 23:01:58',0),(53,'4akHmtAj8N',9,5,9,56,'2018-02-04 23:01:59','2018-02-04 23:01:59',0),(54,'BvdHUS6ieo',3,1,10,57,'2018-02-04 23:01:59','2018-02-04 23:01:59',0),(55,'PoItsweObD',9,5,11,57,'2018-02-04 23:01:59','2018-02-04 23:01:59',0),(56,'XUn1H2bO2q',18,6,3,56,'2018-02-04 23:01:59','2018-02-04 23:01:59',0),(57,'MkTxS0KhgO',3,0,10,56,'2018-02-04 23:01:59','2018-02-04 23:01:59',0),(58,'1INXNFB1PR',9,5,9,57,'2018-02-04 23:01:59','2018-02-04 23:01:59',0),(59,'5Vqn8sscvr',0,0,5,56,'2018-02-04 23:01:59','2018-02-04 23:01:59',0),(60,'5BQyPeiFd5',9,5,11,56,'2018-02-04 23:01:59','2018-02-04 23:01:59',0),(61,'oBwkAeFFr3',9,2,13,56,'2018-02-04 23:01:59','2018-02-04 23:01:59',0),(62,'GgOoWhtx5D',9,6,11,56,'2018-02-04 23:01:59','2018-02-04 23:01:59',0),(63,'J25caR2cAL',3,2,10,56,'2018-02-08 03:32:03','2018-02-08 03:32:03',0),(64,'6l6Qw9EYkx',3,2,10,56,'2018-02-08 03:32:03','2018-02-08 03:32:03',0),(65,'U3jXyLrDEv',7,3,14,56,'2018-02-08 03:32:03','2018-02-08 03:32:03',0),(66,'tbSO1e3LTI',3,1,10,57,'2018-02-08 03:32:03','2018-02-08 03:32:03',0),(67,'nTTayUoxc7',7,5,14,56,'2018-02-08 03:32:03','2018-02-08 03:32:03',0),(68,'Juk1OQgoO8',9,4,16,57,'2018-02-08 03:32:03','2018-02-08 03:32:03',0),(69,'Z6nG4tS7ZM',9,6,13,56,'2018-02-08 03:32:03','2018-02-08 03:32:03',0),(70,'TO2AEUyeB7',0,0,5,57,'2018-02-08 03:32:03','2018-02-08 03:32:03',0),(71,'NCzVB7EvV6',9,3,12,57,'2018-02-08 03:32:03','2018-02-08 03:32:03',0),(72,'lhZYnhUtNw',3,2,10,56,'2018-02-08 03:32:03','2018-02-08 03:32:03',0),(73,'MEDoEtt0Yv',3,3,10,57,'2018-02-08 03:32:04','2018-02-08 03:32:04',0),(74,'oFr0N9aXPJ',9,5,13,56,'2018-02-08 03:32:04','2018-02-08 03:32:04',0),(75,'BA8U4xQD9y',18,8,3,57,'2018-02-08 03:32:04','2018-02-08 03:32:04',0),(76,'EMxq9nxGEy',9,6,13,57,'2018-02-08 03:32:04','2018-02-08 03:32:04',0),(77,'uGgvkY0lrU',9,8,9,56,'2018-02-08 03:32:04','2018-02-08 03:32:04',0),(78,'kbiOUcAfyz',9,7,9,57,'2018-02-08 03:32:04','2018-02-08 03:32:04',0),(79,'MrP63HIiEL',9,3,13,57,'2018-02-08 03:32:04','2018-02-08 03:32:05',0),(80,'mZFIg9KXGB',9,5,11,57,'2018-02-08 03:32:05','2018-02-08 03:32:05',0),(81,'kgzDSfqUsy',3,2,10,57,'2018-02-08 03:32:05','2018-02-08 03:32:05',0),(82,'txX1er9ToP',18,6,3,57,'2018-02-08 03:32:05','2018-02-08 03:32:05',0),(83,'Bg92nqHfz8',3,2,10,56,'2018-02-08 03:32:05','2018-02-08 03:32:05',0),(84,'Tw9uKqMbpj',9,6,11,56,'2018-02-08 03:32:05','2018-02-08 03:32:05',0),(85,'0pv9d2QG9E',7,3,14,57,'2018-02-08 03:32:05','2018-02-08 03:32:05',0),(86,'OHySMTiM6N',9,6,12,56,'2018-02-08 03:32:05','2018-02-08 03:32:05',0),(87,'yykehN5gh3',9,5,11,57,'2018-02-08 03:32:05','2018-02-08 03:32:05',0),(88,'WxPQn9NCUy',9,5,16,57,'2018-02-08 03:32:05','2018-02-08 03:32:05',0),(89,'afa80ncK0k',9,7,11,56,'2018-02-08 03:32:05','2018-02-08 03:32:05',0),(90,'FWXNHoEfAj',9,4,12,57,'2018-02-08 03:32:05','2018-02-08 03:32:05',0),(91,'N9AJYgxRo8',18,5,3,57,'2018-02-08 03:32:05','2018-02-08 03:32:05',0),(92,'TJVo25F9Nk',9,2,12,57,'2018-02-08 03:32:05','2018-02-08 03:32:05',0),(93,'SXHI5pU6Z5',9,4,9,57,'2018-02-08 03:32:06','2018-02-08 03:32:06',0),(94,'IrySsJ0i9O',0,0,5,56,'2018-02-08 03:32:06','2018-02-08 03:32:06',0),(95,'MUyjcxyahQ',9,4,16,56,'2018-02-08 03:32:06','2018-02-08 03:32:06',0),(96,'24tBfEI37y',18,9,3,57,'2018-02-08 03:32:06','2018-02-08 03:32:06',0),(97,'rvnXTX7ijt',0,0,5,56,'2018-02-08 03:32:06','2018-02-08 03:32:06',0),(98,'N7TaFwZDTB',9,5,16,56,'2018-02-08 03:32:06','2018-02-08 03:32:06',0),(99,'zQ4lKfhvTx',3,1,10,56,'2018-02-08 03:32:06','2018-02-08 03:32:06',0),(100,'qCiAZKzrWf',9,7,13,56,'2018-02-08 03:32:06','2018-02-08 03:32:06',0),(101,'9BeSNzyV0g',7,4,14,56,'2018-02-08 03:32:06','2018-02-08 03:32:06',0),(102,'6vfR2HcV9F',9,3,9,57,'2018-02-08 03:32:06','2018-02-08 03:32:06',0),(103,'LlFvY6HyVX',0,0,5,56,'2018-02-08 03:32:06','2018-02-08 03:32:06',0),(104,'OrdBA2pLdz',9,5,16,56,'2018-02-08 03:32:06','2018-02-08 03:32:06',0),(105,'YfqxPpZFCN',0,0,5,57,'2018-02-08 03:32:06','2018-02-08 03:32:06',0),(106,'OKpYFzszeV',9,6,16,56,'2018-02-08 03:32:06','2018-02-08 03:32:06',0),(107,'VbGujxFbAA',9,4,13,56,'2018-02-08 03:32:06','2018-02-08 03:32:06',0),(108,'h9077pt9Fc',3,2,10,56,'2018-02-08 03:32:06','2018-02-08 03:32:06',0),(109,'huF3Mk1uLz',9,4,12,57,'2018-02-08 03:32:06','2018-02-08 03:32:07',0),(110,'GBI53jHm4u',3,2,10,56,'2018-02-08 03:32:07','2018-02-08 03:32:07',0),(111,'9LprYowzrZ',7,4,14,56,'2018-02-08 03:32:07','2018-02-08 03:32:07',0),(112,'ylGRsVZCOq',18,9,3,56,'2018-02-08 03:32:07','2018-02-08 03:32:07',0),(113,'InEB553oZk',0,0,5,56,'2018-02-08 03:32:07','2018-02-08 03:32:07',0),(114,'Ls4FWQKzVm',9,5,9,56,'2018-02-08 03:32:07','2018-02-08 03:32:07',0),(115,'3ssz8RaTzN',9,2,9,56,'2018-02-08 03:32:07','2018-02-08 03:32:07',0),(116,'Gzx2byVXJi',9,3,11,57,'2018-02-08 03:32:07','2018-02-08 03:32:07',0),(117,'xzH7CgUIFE',18,8,3,56,'2018-02-08 03:32:07','2018-02-08 03:32:07',0),(118,'EHra4ob5qV',9,6,11,57,'2018-02-08 03:32:07','2018-02-08 03:32:07',0),(119,'zPudqCJvjf',3,1,10,57,'2018-02-08 03:32:07','2018-02-08 03:32:07',0),(120,'EUtbKLnFvM',9,2,13,56,'2018-02-08 03:32:07','2018-02-08 03:32:07',0),(121,'kgqKL3eyZc',18,7,3,56,'2018-02-08 03:32:07','2018-02-08 03:32:07',0),(122,'8rTELkG1sa',18,12,3,56,'2018-02-08 03:32:07','2018-02-08 03:32:07',0),(123,'bGpIOg9cfD',9,5,12,57,'2018-02-08 03:33:59','2018-02-08 03:33:59',0),(124,'5TOBwc1AX9',9,2,9,57,'2018-02-08 03:33:59','2018-02-08 03:33:59',0),(125,'93GhE7Jlow',9,5,16,57,'2018-02-08 03:33:59','2018-02-08 03:33:59',0),(126,'Nv45ovnF07',18,7,3,57,'2018-02-08 03:33:59','2018-02-08 03:33:59',0),(127,'7h8TJKwRPw',18,9,3,57,'2018-02-08 03:33:59','2018-02-08 03:33:59',0),(128,'24Cv2HqmJz',7,3,14,56,'2018-02-08 03:33:59','2018-02-08 03:33:59',0),(129,'D9Cwk5wuEN',9,5,11,56,'2018-02-08 03:33:59','2018-02-08 03:33:59',0),(130,'qgcGSXtv72',9,7,11,57,'2018-02-08 03:33:59','2018-02-08 03:34:00',0),(131,'7DUX3GMDaq',9,6,13,57,'2018-02-08 03:34:00','2018-02-08 03:34:00',0),(132,'5w0TK5laBY',9,5,9,57,'2018-02-08 03:34:00','2018-02-08 03:34:00',0),(133,'QzNQTyHlsC',9,5,9,57,'2018-02-08 03:34:00','2018-02-08 03:34:00',0),(134,'CtZcFWo1hC',9,2,16,56,'2018-02-08 03:34:00','2018-02-08 03:34:00',0),(135,'HGCPPHFuFe',9,3,13,56,'2018-02-08 03:34:00','2018-02-08 03:34:00',0),(136,'VLV0SbcUvr',9,7,16,56,'2018-02-08 03:34:00','2018-02-08 03:34:00',0),(137,'EvB7MiukB4',0,0,5,56,'2018-02-08 03:34:00','2018-02-08 03:34:00',0),(138,'PsQ41EigOn',3,1,10,56,'2018-02-08 03:34:00','2018-02-08 03:34:00',0),(139,'8hXdSmwIFO',0,0,5,56,'2018-02-08 03:34:00','2018-02-08 03:34:00',0),(140,'NaQOL4pMjz',0,0,5,56,'2018-02-08 03:34:00','2018-02-08 03:34:00',0),(141,'hJDKZFWVPd',3,1,10,57,'2018-02-08 03:34:00','2018-02-08 03:34:00',0),(142,'u9RgBgdJhj',3,1,10,57,'2018-02-08 03:34:00','2018-02-08 03:34:00',0),(143,'sMgVzJuQaW',9,2,11,57,'2018-02-08 03:34:00','2018-02-08 03:34:00',0),(144,'ehTbX8TXiS',9,7,13,57,'2018-02-08 03:34:00','2018-02-08 03:34:00',0),(145,'Xjouq4RXmb',9,5,12,56,'2018-02-08 03:34:00','2018-02-08 03:34:00',0),(146,'FBQiAkz0xX',0,0,5,56,'2018-02-08 03:34:00','2018-02-08 03:34:00',0),(147,'INwrIcTwag',18,10,3,56,'2018-02-08 03:34:00','2018-02-08 03:34:00',0),(148,'sXZXctn0OB',3,2,10,57,'2018-02-08 03:34:00','2018-02-08 03:34:00',0),(149,'2p8aGq04yp',9,3,12,57,'2018-02-08 03:34:00','2018-02-08 03:34:00',0),(150,'NwUerOA9qm',7,2,14,56,'2018-02-08 03:34:00','2018-02-08 03:34:00',0),(151,'nhdFq6l0Bh',7,0,14,57,'2018-02-08 03:34:00','2018-02-08 03:34:00',0),(152,'uFRLlW1UX7',9,5,13,57,'2018-02-08 03:34:00','2018-02-08 03:34:00',0),(153,'DOmL2qaIrM',9,5,9,56,'2018-02-08 03:34:00','2018-02-08 03:34:00',0),(154,'wQ2BeD0trI',9,5,9,56,'2018-02-08 03:34:00','2018-02-08 03:34:00',0),(155,'1W8u4KwE6p',9,4,11,57,'2018-02-08 03:34:00','2018-02-08 03:34:00',0),(156,'4KWf1eL2bY',9,3,9,56,'2018-02-08 03:34:00','2018-02-08 03:34:00',0),(157,'Rg38imaAPf',0,0,5,57,'2018-02-08 03:34:00','2018-02-08 03:34:00',0),(158,'t0BMzKOSKG',9,3,13,56,'2018-02-08 03:34:00','2018-02-08 03:34:00',0),(159,'vHGwizylAL',9,5,12,56,'2018-02-08 03:34:00','2018-02-08 03:34:00',0),(160,'kOWrItqsdo',9,5,9,56,'2018-02-08 03:34:00','2018-02-08 03:34:00',0),(161,'NKoNrMMR0I',18,11,3,56,'2018-02-08 03:34:00','2018-02-08 03:34:00',0),(162,'4XzW30QLdg',9,5,16,56,'2018-02-08 03:34:00','2018-02-08 03:34:00',0),(163,'ky8hkiky4I',9,3,12,56,'2018-02-08 03:34:00','2018-02-08 03:34:00',0),(164,'utK69pvyYI',9,7,9,57,'2018-02-08 03:34:00','2018-02-08 03:34:00',0),(165,'TOKOPRBfcW',3,0,10,56,'2018-02-08 03:34:00','2018-02-08 03:34:00',0),(166,'Ma5PXvJt29',9,5,16,56,'2018-02-08 03:34:00','2018-02-08 03:34:01',0),(167,'t2juDze0Wf',9,7,9,56,'2018-02-08 03:34:01','2018-02-08 03:34:01',0),(168,'vYvkMm93wr',3,2,10,57,'2018-02-08 03:34:01','2018-02-08 03:34:01',0),(169,'PgwnaRUDjV',9,6,12,56,'2018-02-08 03:34:01','2018-02-08 03:34:01',0),(170,'IKp6fHaSI4',9,2,11,56,'2018-02-08 03:34:01','2018-02-08 03:34:01',0),(171,'isEdsm9SBb',9,5,16,56,'2018-02-08 03:34:01','2018-02-08 03:34:01',0),(172,'3q3CkeKuJV',9,4,9,57,'2018-02-08 03:34:01','2018-02-08 03:34:01',0),(173,'CjQ2PCBqKN',9,4,9,57,'2018-02-08 03:34:01','2018-02-08 03:34:01',0),(174,'ZJvKYmQPiC',9,2,16,56,'2018-02-08 03:34:01','2018-02-08 03:34:01',0),(175,'M3iQPj0icu',9,4,16,56,'2018-02-08 03:34:01','2018-02-08 03:34:01',0),(176,'BOfEjhyPLy',18,8,3,57,'2018-02-08 03:34:01','2018-02-08 03:34:01',0),(177,'LABxfvJwST',9,4,9,56,'2018-02-08 03:34:01','2018-02-08 03:34:01',0),(178,'HmqddaC0zo',7,1,14,57,'2018-02-08 03:34:01','2018-02-08 03:34:01',0),(179,'yP02j77050',9,6,16,57,'2018-02-08 03:34:01','2018-02-08 03:34:01',0),(180,'AakrEgJb4G',0,0,5,56,'2018-02-08 03:34:01','2018-02-08 03:34:01',0),(181,'A6TDsSBsCS',9,5,12,56,'2018-02-08 03:34:01','2018-02-08 03:34:01',0),(182,'49ivse3dTH',7,2,14,57,'2018-02-08 03:34:01','2018-02-08 03:34:01',0),(183,'wWshVokFP3',9,4,12,56,'2018-02-08 03:34:01','2018-02-08 03:34:01',0),(184,'KMpARJ2ZnD',9,4,16,57,'2018-02-08 03:34:01','2018-02-08 03:34:01',0),(185,'73d4mqMl7r',3,1,10,57,'2018-02-08 03:34:01','2018-02-08 03:34:01',0),(186,'JMSa6QhMoB',7,5,14,56,'2018-02-08 03:34:01','2018-02-08 03:34:01',0),(187,'9QUPEQ4qOn',7,3,14,56,'2018-02-08 03:34:01','2018-02-08 03:34:01',0),(188,'Ogk1G6VVuM',3,2,10,56,'2018-02-08 03:34:01','2018-02-08 03:34:01',0),(189,'9Qn7qIF0Dn',9,5,9,56,'2018-02-08 03:34:01','2018-02-08 03:34:01',0),(190,'2SAM3Q0J13',7,3,14,57,'2018-02-08 03:34:01','2018-02-08 03:34:01',0),(191,'2HEU3gsAcP',18,13,3,56,'2018-02-08 03:34:01','2018-02-08 03:34:01',0),(192,'qebakF4cwK',9,3,13,56,'2018-02-08 03:34:01','2018-02-08 03:34:01',0),(193,'4Synd3B8rz',9,4,13,57,'2018-02-08 03:34:01','2018-02-08 03:34:01',0),(194,'bR7AiOvlkV',7,3,14,57,'2018-02-08 03:34:01','2018-02-08 03:34:01',0),(195,'ZaM87DYhbZ',18,12,3,57,'2018-02-08 03:34:01','2018-02-08 03:34:01',0),(196,'hB0vcutzRh',9,5,11,57,'2018-02-08 03:34:01','2018-02-08 03:34:01',0),(197,'juFudZw1bZ',0,0,5,57,'2018-02-08 03:34:01','2018-02-08 03:34:01',0),(198,'1GCoinfdUA',18,10,3,57,'2018-02-08 03:34:01','2018-02-08 03:34:01',0),(199,'8mzWqdLEwR',18,10,3,57,'2018-02-08 03:34:01','2018-02-08 03:34:01',0),(200,'xd2h04wBuQ',9,7,9,56,'2018-02-08 03:34:01','2018-02-08 03:34:01',0),(201,'Bd13800qtJ',9,5,13,56,'2018-02-08 03:34:01','2018-02-08 03:34:01',0),(202,'VE6YaHvtt2',9,5,16,57,'2018-02-08 03:34:01','2018-02-08 03:34:01',0);
/*!40000 ALTER TABLE `attendances` ENABLE KEYS */;
UNLOCK TABLES;

--
-- Table structure for table `builds`
--

DROP TABLE IF EXISTS `builds`;
/*!40101 SET @saved_cs_client     = @@character_set_client */;
/*!40101 SET character_set_client = utf8 */;
CREATE TABLE `builds` (
  `id` int(10) unsigned NOT NULL AUTO_INCREMENT,
  `build_name` varchar(191) COLLATE utf8mb4_unicode_ci NOT NULL,
  `created_at` timestamp NULL DEFAULT NULL,
  `updated_at` timestamp NULL DEFAULT NULL,
  PRIMARY KEY (`id`)
) ENGINE=InnoDB AUTO_INCREMENT=17 DEFAULT CHARSET=utf8mb4 COLLATE=utf8mb4_unicode_ci;
/*!40101 SET character_set_client = @saved_cs_client */;

--
-- Dumping data for table `builds`
--

LOCK TABLES `builds` WRITE;
/*!40000 ALTER TABLE `builds` DISABLE KEYS */;
INSERT INTO `builds` VALUES (8,'励志楼A','2017-12-23 07:46:44','2017-12-23 07:46:44'),(9,'励志楼B','2017-12-24 16:56:31','2017-12-24 16:56:31'),(10,'励志楼C','2017-12-24 16:56:40','2017-12-24 16:56:40'),(11,'励志楼D','2017-12-24 16:56:52','2017-12-24 16:56:52'),(13,'厚德楼A','2017-12-24 16:58:16','2017-12-24 16:58:16'),(14,'厚德楼B','2017-12-24 16:58:28','2017-12-24 16:58:28'),(15,'厚德楼C','2017-12-24 16:58:39','2017-12-24 16:58:39'),(16,'启智楼','2017-12-24 17:00:03','2017-12-24 17:00:03');
/*!40000 ALTER TABLE `builds` ENABLE KEYS */;
UNLOCK TABLES;

--
-- Table structure for table `classes`
--

DROP TABLE IF EXISTS `classes`;
/*!40101 SET @saved_cs_client     = @@character_set_client */;
/*!40101 SET character_set_client = utf8 */;
CREATE TABLE `classes` (
  `id` int(10) unsigned NOT NULL AUTO_INCREMENT COMMENT '班级id',
  `grade` int(11) NOT NULL COMMENT '年级',
  `desc` text COLLATE utf8mb4_unicode_ci COMMENT '介绍',
  `spe_id` int(10) unsigned NOT NULL COMMENT '所属系id',
  `created_at` timestamp NULL DEFAULT NULL,
  `updated_at` timestamp NULL DEFAULT NULL,
  `class_num` int(11) NOT NULL COMMENT '班别',
  `stu_num` int(11) NOT NULL DEFAULT '0' COMMENT '班级学生人数',
  `counselor_id` int(10) unsigned NOT NULL DEFAULT '1',
  PRIMARY KEY (`id`),
  KEY `classes_spe_id_foreign` (`spe_id`),
  KEY `classes_counselor_id_index` (`counselor_id`),
  CONSTRAINT `classes_counselor_id_foreign` FOREIGN KEY (`counselor_id`) REFERENCES `counselors` (`id`),
  CONSTRAINT `classes_spe_id_foreign` FOREIGN KEY (`spe_id`) REFERENCES `specialities` (`id`) ON DELETE CASCADE
) ENGINE=InnoDB AUTO_INCREMENT=18 DEFAULT CHARSET=utf8mb4 COLLATE=utf8mb4_unicode_ci;
/*!40101 SET character_set_client = @saved_cs_client */;

--
-- Dumping data for table `classes`
--

LOCK TABLES `classes` WRITE;
/*!40000 ALTER TABLE `classes` DISABLE KEYS */;
INSERT INTO `classes` VALUES (3,15,'无',7,'2017-12-19 06:56:04','2018-02-13 04:53:24',1,0,1),(5,15,'无',7,'2017-12-19 07:37:13','2017-12-19 07:37:13',2,0,1),(9,15,'无',8,'2017-12-19 13:13:27','2017-12-19 13:13:27',2,0,1),(10,15,'无',8,'2017-12-21 07:11:38','2017-12-21 07:11:38',1,0,1),(11,15,'无',9,'2018-02-04 22:49:12','2018-02-04 22:49:12',1,0,1),(12,15,'无',9,'2018-02-04 22:49:12','2018-02-04 22:49:12',2,0,1),(13,15,'无',9,'2018-02-04 22:49:12','2018-02-04 22:49:12',3,0,1),(14,16,'无',8,'2018-02-08 03:09:12','2018-02-08 03:09:12',1,0,1),(16,16,'无',7,'2018-02-08 03:09:12','2018-02-08 03:09:12',1,0,1);
/*!40000 ALTER TABLE `classes` ENABLE KEYS */;
UNLOCK TABLES;

--
-- Table structure for table `counselors`
--

DROP TABLE IF EXISTS `counselors`;
/*!40101 SET @saved_cs_client     = @@character_set_client */;
/*!40101 SET character_set_client = utf8 */;
CREATE TABLE `counselors` (
  `id` int(10) unsigned NOT NULL AUTO_INCREMENT COMMENT '辅导员id',
  `user_id` int(10) unsigned NOT NULL COMMENT '关联的用户id',
  `created_at` timestamp NULL DEFAULT NULL,
  `updated_at` timestamp NULL DEFAULT NULL,
  `depar_id` int(10) unsigned NOT NULL DEFAULT '1',
  PRIMARY KEY (`id`),
  KEY `counselors_user_id_index` (`user_id`),
  KEY `counselors_depar_id_index` (`depar_id`),
  CONSTRAINT `counselors_depar_id_foreign` FOREIGN KEY (`depar_id`) REFERENCES `departments` (`id`),
  CONSTRAINT `counselors_user_id_foreign` FOREIGN KEY (`user_id`) REFERENCES `users` (`id`) ON DELETE CASCADE
) ENGINE=InnoDB AUTO_INCREMENT=2 DEFAULT CHARSET=utf8mb4 COLLATE=utf8mb4_unicode_ci;
/*!40101 SET character_set_client = @saved_cs_client */;

--
-- Dumping data for table `counselors`
--

LOCK TABLES `counselors` WRITE;
/*!40000 ALTER TABLE `counselors` DISABLE KEYS */;
INSERT INTO `counselors` VALUES (1,1,'2018-01-24 03:01:21','2018-01-24 03:01:21',1);
/*!40000 ALTER TABLE `counselors` ENABLE KEYS */;
UNLOCK TABLES;

--
-- Table structure for table `departments`
--

DROP TABLE IF EXISTS `departments`;
/*!40101 SET @saved_cs_client     = @@character_set_client */;
/*!40101 SET character_set_client = utf8 */;
CREATE TABLE `departments` (
  `id` int(10) unsigned NOT NULL AUTO_INCREMENT,
  `depar_name` varchar(191) COLLATE utf8mb4_unicode_ci NOT NULL COMMENT '院系名',
  `desc` text COLLATE utf8mb4_unicode_ci COMMENT '介绍',
  `created_at` timestamp NULL DEFAULT NULL,
  `updated_at` timestamp NULL DEFAULT NULL,
  PRIMARY KEY (`id`)
) ENGINE=InnoDB AUTO_INCREMENT=4 DEFAULT CHARSET=utf8mb4 COLLATE=utf8mb4_unicode_ci;
/*!40101 SET character_set_client = @saved_cs_client */;

--
-- Dumping data for table `departments`
--

LOCK TABLES `departments` WRITE;
/*!40000 ALTER TABLE `departments` DISABLE KEYS */;
INSERT INTO `departments` VALUES (1,'信息工程系','dasd','2017-12-17 11:20:27','2017-12-17 11:20:27'),(3,'会计系','刚被我删了，现在修改','2017-12-17 11:58:32','2017-12-17 12:51:53');
/*!40000 ALTER TABLE `departments` ENABLE KEYS */;
UNLOCK TABLES;

--
-- Table structure for table `lessons`
--

DROP TABLE IF EXISTS `lessons`;
/*!40101 SET @saved_cs_client     = @@character_set_client */;
/*!40101 SET character_set_client = utf8 */;
CREATE TABLE `lessons` (
  `id` int(10) unsigned NOT NULL AUTO_INCREMENT COMMENT '课程id',
  `name` varchar(191) COLLATE utf8mb4_unicode_ci NOT NULL COMMENT '课程名称',
  `section` int(11) NOT NULL COMMENT '节次',
  `week_begin` int(11) NOT NULL COMMENT '起始周',
  `week_end` int(11) NOT NULL COMMENT '结束周',
  `weekday` int(11) NOT NULL COMMENT '周几',
  `room_id` int(10) unsigned NOT NULL COMMENT '课室id',
  `class_id` int(10) unsigned NOT NULL COMMENT '班级id',
  `created_at` timestamp NULL DEFAULT NULL,
  `updated_at` timestamp NULL DEFAULT NULL,
  `status` int(11) NOT NULL DEFAULT '1' COMMENT '课程状态',
  `teacher_id` int(11) DEFAULT NULL,
  `is_single` tinyint(1) NOT NULL,
  PRIMARY KEY (`id`),
  KEY `lessons_room_id_foreign` (`room_id`),
  KEY `lessons_class_id_foreign` (`class_id`),
  CONSTRAINT `lessons_class_id_foreign` FOREIGN KEY (`class_id`) REFERENCES `classes` (`id`) ON DELETE CASCADE,
  CONSTRAINT `lessons_room_id_foreign` FOREIGN KEY (`room_id`) REFERENCES `rooms` (`id`)
) ENGINE=InnoDB AUTO_INCREMENT=82 DEFAULT CHARSET=utf8mb4 COLLATE=utf8mb4_unicode_ci;
/*!40101 SET character_set_client = @saved_cs_client */;

--
-- Dumping data for table `lessons`
--

LOCK TABLES `lessons` WRITE;
/*!40000 ALTER TABLE `lessons` DISABLE KEYS */;
INSERT INTO `lessons` VALUES (1,'系统分析设计与UML',6,1,18,0,149,10,'2017-12-24 17:12:37','2017-12-24 17:17:39',0,1,0),(2,'面向对象程序设计（Java）',6,1,18,1,483,10,'2017-12-24 17:12:37','2017-12-24 17:17:39',0,1,0),(3,'大型数据库应用',6,1,18,2,360,10,'2017-12-24 17:12:37','2017-12-24 17:17:39',0,1,0),(4,'专业实习III（Web应用系统开发）',6,2,8,3,360,10,'2017-12-24 17:12:37','2017-12-24 17:17:39',0,1,1),(5,'数据结构',6,1,18,4,178,10,'2017-12-24 17:12:37','2017-12-24 17:17:39',0,1,0),(6,'大型数据库应用',8,1,18,2,360,10,'2017-12-24 17:12:37','2017-12-24 17:17:39',0,1,0),(7,'计算机组成原理',24,1,17,4,288,10,'2017-12-24 17:12:37','2017-12-24 17:17:39',0,1,1),(8,'计算机组成原理',96,1,18,0,137,10,'2017-12-24 17:12:37','2017-12-24 17:17:39',0,2,0),(9,'软件工程',96,1,18,1,288,10,'2017-12-24 17:12:37','2017-12-24 17:17:39',0,2,0),(10,'软件工程',96,1,18,2,180,10,'2017-12-24 17:12:37','2017-12-24 17:17:39',0,2,0),(11,'专业实习III（Web应用系统开发）',96,1,8,4,360,10,'2017-12-24 17:12:37','2017-12-24 17:17:39',0,2,0),(12,'系统分析设计与UML',384,1,17,0,300,10,'2017-12-24 17:12:37','2017-12-24 17:17:39',0,2,1),(13,'数据结构',384,1,18,3,355,10,'2017-12-24 17:12:37','2017-12-24 17:17:39',0,3,0),(14,'面向对象程序设计（Java）',384,1,18,4,360,10,'2017-12-24 17:12:37','2017-12-24 17:17:39',0,3,0),(15,'形势与政策III',1536,9,12,3,160,10,'2017-12-24 17:12:37','2017-12-24 17:17:39',0,3,0),(16,'形势与政策III',2048,9,12,3,160,10,'2017-12-24 17:12:37','2017-12-24 17:17:39',0,3,0),(17,'系统分析设计与UML',6,1,18,0,149,10,'2017-12-24 17:18:11','2018-02-10 01:51:39',0,3,0),(18,'面向对象程序设计（Java）',6,1,18,1,483,10,'2017-12-24 17:18:11','2018-02-10 01:51:39',0,3,0),(19,'大型数据库应用',6,1,18,2,360,10,'2017-12-24 17:18:11','2018-02-10 01:51:39',0,3,0),(20,'专业实习III（Web应用系统开发）',6,2,8,3,360,10,'2017-12-24 17:18:11','2018-02-10 01:51:39',0,3,1),(21,'数据结构',6,1,18,4,178,10,'2017-12-24 17:18:11','2018-02-10 01:51:39',0,3,0),(22,'大型数据库应用',8,1,18,2,360,10,'2017-12-24 17:18:11','2018-02-10 01:51:39',0,3,0),(23,'计算机组成原理',24,1,17,4,288,10,'2017-12-24 17:18:11','2018-02-10 01:51:39',0,3,1),(24,'计算机组成原理',96,1,18,0,137,10,'2017-12-24 17:18:11','2018-02-10 01:51:39',0,2,0),(25,'软件工程',96,1,18,1,288,10,'2017-12-24 17:18:11','2018-02-10 01:51:39',0,2,0),(26,'软件工程',96,1,18,2,180,10,'2017-12-24 17:18:11','2018-02-10 01:51:39',0,2,0),(27,'专业实习III（Web应用系统开发）',96,1,8,4,360,10,'2017-12-24 17:18:11','2018-02-10 01:51:39',0,2,0),(28,'系统分析设计与UML',384,1,17,0,300,10,'2017-12-24 17:18:11','2018-02-10 01:51:39',0,2,1),(29,'数据结构',384,1,18,3,355,10,'2017-12-24 17:18:11','2018-02-10 01:51:39',0,2,0),(30,'面向对象程序设计（Java）',384,1,18,4,360,10,'2017-12-24 17:18:11','2018-02-10 01:51:39',0,2,0),(31,'形势与政策III',1536,9,12,3,160,10,'2017-12-24 17:18:11','2018-02-10 01:51:39',0,2,0),(32,'形势与政策III',2048,9,12,3,160,10,'2017-12-24 17:18:11','2018-02-10 01:51:39',0,2,0),(33,'系统分析设计与UML',3,1,18,0,149,10,'2018-02-10 01:51:39','2018-02-10 02:03:41',0,NULL,0),(34,'面向对象程序设计（Java）',3,1,18,1,483,10,'2018-02-10 01:51:39','2018-02-10 02:03:41',0,NULL,0),(35,'大型数据库应用',3,1,18,2,360,10,'2018-02-10 01:51:39','2018-02-10 02:03:41',0,NULL,0),(36,'专业实习III（Web应用系统开发）',3,2,8,3,360,10,'2018-02-10 01:51:39','2018-02-10 02:03:41',0,NULL,1),(37,'数据结构',3,1,18,4,178,10,'2018-02-10 01:51:39','2018-02-10 02:03:41',0,NULL,0),(38,'大型数据库应用',4,1,18,2,360,10,'2018-02-10 01:51:39','2018-02-10 02:03:41',0,NULL,0),(39,'计算机组成原理',12,1,17,4,288,10,'2018-02-10 01:51:39','2018-02-10 02:03:41',0,NULL,1),(40,'计算机组成原理',48,1,18,0,137,10,'2018-02-10 01:51:39','2018-02-10 02:03:41',0,NULL,0),(41,'软件工程',48,1,18,1,288,10,'2018-02-10 01:51:39','2018-02-10 02:03:41',0,NULL,0),(42,'软件工程',48,1,18,2,180,10,'2018-02-10 01:51:39','2018-02-10 02:03:41',0,NULL,0),(43,'专业实习III（Web应用系统开发）',48,1,8,4,360,10,'2018-02-10 01:51:39','2018-02-10 02:03:41',0,NULL,0),(44,'系统分析设计与UML',192,1,17,0,300,10,'2018-02-10 01:51:39','2018-02-10 02:03:41',0,NULL,1),(45,'数据结构',192,1,18,3,355,10,'2018-02-10 01:51:39','2018-02-10 02:03:41',0,NULL,0),(46,'面向对象程序设计（Java）',192,1,18,4,360,10,'2018-02-10 01:51:39','2018-02-10 02:03:41',0,NULL,0),(47,'形势与政策III',768,9,12,3,160,10,'2018-02-10 01:51:39','2018-02-10 02:03:41',0,NULL,0),(48,'形势与政策III',1024,9,12,3,160,10,'2018-02-10 01:51:39','2018-02-10 02:03:41',0,NULL,0),(49,'系统分析设计与UML',3,1,18,0,149,10,'2018-02-10 02:04:42','2018-02-10 02:05:55',0,NULL,0),(50,'面向对象程序设计（Java）',3,1,18,1,483,10,'2018-02-10 02:04:42','2018-02-10 02:05:55',0,NULL,0),(51,'大型数据库应用',3,1,18,2,360,10,'2018-02-10 02:04:42','2018-02-10 02:05:55',0,NULL,0),(52,'专业实习III（Web应用系统开发）',3,2,8,3,360,10,'2018-02-10 02:04:42','2018-02-10 02:05:55',0,NULL,1),(53,'数据结构',3,1,18,4,178,10,'2018-02-10 02:04:42','2018-02-10 02:05:55',0,NULL,0),(54,'大型数据库应用',4,1,18,2,360,10,'2018-02-10 02:04:42','2018-02-10 02:05:55',0,NULL,0),(55,'计算机组成原理',12,1,17,4,288,10,'2018-02-10 02:04:42','2018-02-10 02:05:55',0,NULL,1),(56,'计算机组成原理',48,1,18,0,137,10,'2018-02-10 02:04:42','2018-02-10 02:05:55',0,NULL,0),(57,'软件工程',48,1,18,1,288,10,'2018-02-10 02:04:42','2018-02-10 02:05:55',0,NULL,0),(58,'软件工程',48,1,18,2,180,10,'2018-02-10 02:04:42','2018-02-10 02:05:55',0,NULL,0),(59,'专业实习III（Web应用系统开发）',48,1,8,4,360,10,'2018-02-10 02:04:42','2018-02-10 02:05:55',0,NULL,0),(60,'系统分析设计与UML',192,1,17,0,300,10,'2018-02-10 02:04:42','2018-02-10 02:05:55',0,NULL,1),(61,'数据结构',192,1,18,3,355,10,'2018-02-10 02:04:42','2018-02-10 02:05:55',0,NULL,0),(62,'面向对象程序设计（Java）',192,1,18,4,360,10,'2018-02-10 02:04:42','2018-02-10 02:05:55',0,NULL,0),(63,'形势与政策III',768,9,12,3,160,10,'2018-02-10 02:04:42','2018-02-10 02:05:55',0,NULL,0),(64,'形势与政策III',1024,9,12,3,160,10,'2018-02-10 02:04:42','2018-02-10 02:05:55',0,NULL,0),(65,'系统分析设计与UML',3,1,18,0,149,10,'2018-02-10 02:07:15','2018-02-10 02:07:52',0,NULL,0),(66,'系统分析设计与UML',3,1,18,0,149,10,'2018-02-10 02:07:52','2018-02-10 02:07:52',1,1,0),(67,'面向对象程序设计（Java）',3,1,18,1,483,10,'2018-02-10 02:07:52','2018-02-10 02:07:52',1,1,0),(68,'大型数据库应用',3,1,18,2,360,10,'2018-02-10 02:07:52','2018-02-10 02:07:52',1,1,0),(69,'专业实习III（Web应用系统开发）',3,2,8,3,360,10,'2018-02-10 02:07:52','2018-02-10 02:07:52',1,1,1),(70,'数据结构',3,1,18,4,178,10,'2018-02-10 02:07:52','2018-02-10 02:07:52',1,1,0),(71,'大型数据库应用',4,1,18,2,360,10,'2018-02-10 02:07:52','2018-02-10 02:07:52',1,1,0),(72,'计算机组成原理',12,1,17,4,288,10,'2018-02-10 02:07:52','2018-02-10 02:07:52',1,1,1),(73,'计算机组成原理',48,1,18,0,137,10,'2018-02-10 02:07:52','2018-02-10 02:07:52',1,1,0),(74,'软件工程',48,1,18,1,288,10,'2018-02-10 02:07:52','2018-02-10 02:07:52',1,1,0),(75,'软件工程',48,1,18,2,180,10,'2018-02-10 02:07:52','2018-02-10 02:07:52',1,1,0),(76,'专业实习III（Web应用系统开发）',48,1,8,4,360,10,'2018-02-10 02:07:52','2018-02-10 02:07:52',1,1,0),(77,'系统分析设计与UML',192,1,17,0,300,10,'2018-02-10 02:07:52','2018-02-10 02:07:52',1,1,1),(78,'数据结构',192,1,18,3,355,10,'2018-02-10 02:07:52','2018-02-10 02:07:52',1,1,0),(79,'面向对象程序设计（Java）',192,1,18,4,360,10,'2018-02-10 02:07:52','2018-02-10 02:07:52',1,1,0),(80,'形势与政策III',768,9,12,3,160,10,'2018-02-10 02:07:52','2018-02-10 02:07:52',1,1,0),(81,'形势与政策III',1024,9,12,3,160,10,'2018-02-10 02:07:52','2018-02-10 02:07:52',1,1,0);
/*!40000 ALTER TABLE `lessons` ENABLE KEYS */;
UNLOCK TABLES;

--
-- Table structure for table `migrations`
--

DROP TABLE IF EXISTS `migrations`;
/*!40101 SET @saved_cs_client     = @@character_set_client */;
/*!40101 SET character_set_client = utf8 */;
CREATE TABLE `migrations` (
  `id` int(10) unsigned NOT NULL AUTO_INCREMENT,
  `migration` varchar(191) COLLATE utf8mb4_unicode_ci NOT NULL,
  `batch` int(11) NOT NULL,
  PRIMARY KEY (`id`)
) ENGINE=InnoDB AUTO_INCREMENT=41 DEFAULT CHARSET=utf8mb4 COLLATE=utf8mb4_unicode_ci;
/*!40101 SET character_set_client = @saved_cs_client */;

--
-- Dumping data for table `migrations`
--

LOCK TABLES `migrations` WRITE;
/*!40000 ALTER TABLE `migrations` DISABLE KEYS */;
INSERT INTO `migrations` VALUES (1,'2014_10_12_000000_create_users_table',1),(2,'2014_10_12_100000_create_password_resets_table',1),(3,'2015_01_15_105324_create_roles_table',1),(4,'2015_01_15_114412_create_role_user_table',1),(5,'2015_01_26_115212_create_permissions_table',1),(6,'2015_01_26_115523_create_permission_role_table',1),(7,'2015_02_09_132439_create_permission_user_table',1),(8,'2017_11_15_143543_create_departments_table',1),(9,'2017_11_15_143544_create_specialities_table',1),(10,'2017_11_15_143547_create_classes_table',1),(11,'2017_11_15_143851_create_students_table',1),(12,'2017_11_15_151049_create_builds_table',1),(13,'2017_11_15_151055_create_rooms_table',1),(14,'2017_11_15_152947_create_lessons_table',1),(15,'2017_11_15_153629_create_sign_ins_table',1),(16,'2017_11_15_153701_create_attendances_table',1),(17,'2017_12_19_060136_alter_classes_classname_to_class_num_table',2),(18,'2017_12_19_140513_drop_stu_name_add_user_id_table',3),(19,'2017_12_21_134651_create_teachers_table',4),(20,'2017_12_22_045545_add_col_status_on_lessons',5),(21,'2017_12_22_050408_add_col_teacher_work_num_on_lessons',6),(22,'2017_12_24_062135_alter_att_id_on_sign_ins_table',7),(23,'2017_12_24_062542_alter_in_lessons_table',7),(24,'2017_12_24_063306_add_status_in_attendances_table',7),(25,'2016_06_01_000001_create_oauth_auth_codes_table',8),(26,'2016_06_01_000002_create_oauth_access_tokens_table',8),(27,'2016_06_01_000003_create_oauth_refresh_tokens_table',8),(28,'2016_06_01_000004_create_oauth_clients_table',8),(29,'2016_06_01_000005_create_oauth_personal_access_clients_table',8),(30,'2018_01_21_010020_create_counselors_table',9),(31,'2018_01_21_011504_alter_col_students_table',10),(32,'2018_01_21_073725_alter_classes_table',11),(34,'2018_01_24_104429_alter_classes_add_counselor_id_table',12),(36,'2018_01_24_113130_alter_counselors_add_depar_id',13),(37,'2018_01_27_051958_create_settings_table',14),(40,'2018_02_07_112132_alter_students_add_leave_num',15);
/*!40000 ALTER TABLE `migrations` ENABLE KEYS */;
UNLOCK TABLES;

--
-- Table structure for table `oauth_access_tokens`
--

DROP TABLE IF EXISTS `oauth_access_tokens`;
/*!40101 SET @saved_cs_client     = @@character_set_client */;
/*!40101 SET character_set_client = utf8 */;
CREATE TABLE `oauth_access_tokens` (
  `id` varchar(100) COLLATE utf8mb4_unicode_ci NOT NULL,
  `user_id` int(11) DEFAULT NULL,
  `client_id` int(11) NOT NULL,
  `name` varchar(191) COLLATE utf8mb4_unicode_ci DEFAULT NULL,
  `scopes` text COLLATE utf8mb4_unicode_ci,
  `revoked` tinyint(1) NOT NULL,
  `created_at` timestamp NULL DEFAULT NULL,
  `updated_at` timestamp NULL DEFAULT NULL,
  `expires_at` datetime DEFAULT NULL,
  PRIMARY KEY (`id`),
  KEY `oauth_access_tokens_user_id_index` (`user_id`)
) ENGINE=InnoDB DEFAULT CHARSET=utf8mb4 COLLATE=utf8mb4_unicode_ci;
/*!40101 SET character_set_client = @saved_cs_client */;

--
-- Dumping data for table `oauth_access_tokens`
--

LOCK TABLES `oauth_access_tokens` WRITE;
/*!40000 ALTER TABLE `oauth_access_tokens` DISABLE KEYS */;
INSERT INTO `oauth_access_tokens` VALUES ('03415bdbd0e66a94f9ce38725bca14898e3d895a038b81573e2f38e181046efe2cde1e95d2746009',53,1,'User #53 - 123123 - 183.36.65.143','[]',0,'2017-12-26 04:23:20','2017-12-26 04:23:20','2018-12-26 12:23:20'),('08721796df7cc5764270307678e8b608bb4171766bee721878f7f0e5399cd6d26d15b0c97bfa443e',53,1,'User #53 - 123123 - 183.36.65.143','[]',0,'2017-12-25 06:29:25','2017-12-25 06:29:25','2018-12-25 14:29:25'),('10d8015318c64ba90affa268dedf02bd3c1602c645137263e1ae24d7b30f789b900737e91a0fc853',1,1,'User #1 - lotiger@lotiger.cn - 192.168.10.1','[]',0,'2017-12-25 11:53:43','2017-12-25 11:53:43','2018-12-25 11:53:43'),('28e84e22d805477d8124fe69c218e973d0baa0ca796c3a2421e509e07a41e09ada019b824022468f',53,1,'User #53 - 123123 - 183.36.65.143','[]',0,'2017-12-26 04:16:02','2017-12-26 04:16:02','2018-12-26 12:16:02'),('34fa60ea48ca5da9749334e07849b8ad29595cb9a31da0398c8fd87ba870e1454fba4bceb548d598',53,1,'User #53 - 123123 - 14.24.22.73','[]',0,'2017-12-25 06:20:15','2017-12-25 06:20:15','2018-12-25 14:20:15'),('3c608db4bbe864d81bb165b14cfc23ca741a63693b3050b347023cbe8aac9c7f5b3762b05d006ba5',53,1,'User #53 - 123123 - 183.36.65.143','[]',0,'2017-12-25 06:33:23','2017-12-25 06:33:23','2018-12-25 14:33:23'),('3e1ea1d13de4d5362d2bec6e8583d9640f0e9ede4fe4a6491e9f43f477d0c12595f8f9cf272181f4',56,1,'User #56 - 111000 - 61.146.7.239','[]',0,'2018-01-21 17:04:42','2018-01-21 17:04:42','2019-01-22 01:04:42'),('3f56fb572258848bf30cfca896a5953f721c287b6e834635026218becca8d00a2ec030eb20c2b609',53,1,'User #53 - 123123 - 183.36.65.143','[]',0,'2017-12-26 04:29:34','2017-12-26 04:29:34','2018-12-26 12:29:34'),('4afb9df7f6bb4b524e493acbdb6ce40e9f2e5344b7757516be720e1351118e246007ba201d56bf2f',56,1,'User #56 - 111000 - 61.146.7.239','[]',0,'2018-01-22 19:43:18','2018-01-22 19:43:18','2019-01-23 03:43:18'),('4d68310f8792040a0e390f783f53314582b3645310aae0a746483c42bf43f1ab836661c2095e8b5e',1,1,'Pizza App','[]',0,'2017-12-25 05:34:56','2017-12-25 05:34:56','2018-12-25 05:34:56'),('57ea1d246744e5e298157f8622bdcf6f8c0ac980e36fae13551fac10ddb5713c4d6b94d62b6979e8',53,1,'User #53 - 123123 - 183.36.65.143','[]',0,'2017-12-26 04:21:40','2017-12-26 04:21:40','2018-12-26 12:21:40'),('58053bdede75489088c3fc6dd11f9fd513e5f46e5e637dd30c9e64b28f9bfff1f46dcb2be6d3e8a9',53,1,'User #53 - 123123 - 14.24.22.73','[]',0,'2017-12-25 06:33:07','2017-12-25 06:33:07','2018-12-25 14:33:07'),('5c0ed611bf155e0f86677c2899e1a521b9b93b28a5c46e1be31366c7ea18ace965facb5bf54e980d',56,1,'User #56 - 111000 - 61.146.7.239','[]',0,'2018-01-22 21:32:53','2018-01-22 21:32:53','2019-01-23 05:32:53'),('60d4d71ce66e9c32dc2dde814299ad06be09fe3cb2d2cbefed415bbc1b3ef6b54fade8076b425a0a',53,1,'User #53 - 123123 - 183.36.65.143','[]',0,'2017-12-26 04:21:47','2017-12-26 04:21:47','2018-12-26 12:21:47'),('6305e5af08ad6ddc153ad3a7dcd58102f1a741fe10c6dd7381a41f468488ce62bb953457855ac2c7',53,1,'User #53 - 123123 - 183.36.65.143','[]',0,'2017-12-25 06:22:52','2017-12-25 06:22:52','2018-12-25 14:22:52'),('7483d239860e5e9fb53aa151d95d22d69101f1b563e6181f2003f9ccb0088150a5daa3a1790a24ca',53,1,'User #53 - 123123 - 183.36.65.143','[]',0,'2017-12-26 04:37:43','2017-12-26 04:37:43','2018-12-26 12:37:43'),('7adf22522bf909e107c6260a363c4bacf34bd7d531dc0db4832ed525a120d70d3d233aa5143d72f2',53,1,'User #53 - 123123 - 219.72.202.129','[]',0,'2018-01-20 20:24:38','2018-01-20 20:24:38','2019-01-21 04:24:38'),('84db00dc39a6a13473a9f53bcb27f6d570fade9546246ecb34370b526b426160fa69cd74736559d3',53,1,'User #53 - 123123 - 183.36.65.143','[]',0,'2017-12-26 04:20:23','2017-12-26 04:20:23','2018-12-26 12:20:23'),('8a3bc977cb8ffd3b26c69e911ced077b4bb548ff852e58c7258b8f18a0f6807a00c32bfd448dd36c',53,1,'User #53 - 123123 - 183.36.65.143','[]',0,'2017-12-26 04:25:53','2017-12-26 04:25:53','2018-12-26 12:25:53'),('93f348048b9afd4ccb14500b070672f741177c28628fffb1464af2da13eae6b32e3bc96af7884be7',53,1,'User #53 - 123123 - 14.24.22.73','[]',0,'2017-12-26 03:48:42','2017-12-26 03:48:42','2018-12-26 11:48:42'),('9ab5265406e01085720dd8ff9fbb5cf40fb7d291e3b46972c1bdce4077dea14b0bc09f033e547d5e',53,1,'User #53 - 123123 - 183.36.65.143','[]',0,'2017-12-25 20:18:39','2017-12-25 20:18:39','2018-12-26 04:18:39'),('9c96432a9d753d59ee96ddcc84a4ee30213743c29441e96da6f954a79decf54db1d604d1a8c43108',53,1,'User #53 - 123123 - 183.36.65.143','[]',0,'2017-12-25 06:33:50','2017-12-25 06:33:50','2018-12-25 14:33:50'),('9d67d563dc79f3d1451c927e4d4038fca7c0dee18f2efde95763ed959961e5519558d2873048a2a5',56,1,'User #56 - 111000 - 219.72.202.138','[]',0,'2018-01-23 06:26:19','2018-01-23 06:26:19','2019-01-23 14:26:19'),('a83e5b9bf4885b1da0a1697cccbdaa3193ae5c8a413f8f11115940201dd84ebc20c735fe5c7a49d8',56,1,'User #56 - 111000 - 61.146.7.239','[]',1,'2018-01-22 19:01:06','2018-01-22 19:01:06','2019-01-23 03:01:06'),('b8934f7480a31d84706ce17222eab86e4aee8fd5a41e8a43a6cfb94915e5b1dd7b26763eda14fa4f',1,1,'User #1 - lotiger@lotiger.cn - 192.168.10.1','[]',0,'2017-12-25 11:52:19','2017-12-25 11:52:19','2018-12-25 11:52:19'),('cc20f39d7e0de89f129707f9d037908de0c94112f6738989e1c53b72a20580044fefd17132873aa6',56,1,'User #56 - 111000 - 61.146.7.239','[]',1,'2018-01-21 17:17:29','2018-01-21 17:17:29','2019-01-22 01:17:29'),('d761bbd9a3ebc1dd2caa30207b796be616100d3b83774f582d99592951d5a67482a2f7f306c957ea',56,1,'User #56 - 111000 - 61.146.7.239','[]',1,'2018-01-22 21:01:42','2018-01-22 21:01:42','2019-01-23 05:01:42'),('d9ff4933aef95c1dd70c60cc8f9996f5c6d02ea15dd26fa92f2bf02f96807a72dd10d4c5a3288991',53,1,'User #53 - 123123 - 219.72.202.129','[]',0,'2018-01-20 20:25:19','2018-01-20 20:25:19','2019-01-21 04:25:19'),('e91ec6a7bc7a4865b2ea2dd33b62f848883434dea4216b3e5ac166efd6cead1480bb62840a3181d5',56,1,'User #56 - 111000 - 219.72.202.138','[]',0,'2018-01-23 06:25:03','2018-01-23 06:25:03','2019-01-23 14:25:03'),('f471d77a771baee5d164e4bcb384216b006acc0a7306a000c2449215d0f3ba17ceb00c63c0fdba53',1,1,'User #1 - lotiger@lotiger.cn - 192.168.10.1','[]',0,'2017-12-25 11:38:58','2017-12-25 11:38:58','2018-12-25 11:38:58'),('f810d6738a728298d706dfec490bd17ae39b6e1dc8dd865f23aec9a6c0ddc061d05e290e154b3665',56,1,'User #56 - 111000 - 192.168.10.1','[]',0,'2017-12-25 11:57:24','2017-12-25 11:57:24','2018-12-25 11:57:24'),('f84c6d24abf50c83d3eb5dd6dfd3e9a64fa86e682676fba4bd7efb1cc78231921d8da2d71d1baa97',53,1,'User #53 - 123123 - 183.36.65.143','[]',0,'2017-12-26 04:30:30','2017-12-26 04:30:30','2018-12-26 12:30:30'),('fd96cb0a56bcd90e1ed522f0c6c2e27bd482476f646e0aa08f3f8609895a38c224536dbd638412b2',53,1,'User #53 - 123123 - 183.36.65.143','[]',0,'2017-12-25 06:33:13','2017-12-25 06:33:13','2018-12-25 14:33:13');
/*!40000 ALTER TABLE `oauth_access_tokens` ENABLE KEYS */;
UNLOCK TABLES;

--
-- Table structure for table `oauth_auth_codes`
--

DROP TABLE IF EXISTS `oauth_auth_codes`;
/*!40101 SET @saved_cs_client     = @@character_set_client */;
/*!40101 SET character_set_client = utf8 */;
CREATE TABLE `oauth_auth_codes` (
  `id` varchar(100) COLLATE utf8mb4_unicode_ci NOT NULL,
  `user_id` int(11) NOT NULL,
  `client_id` int(11) NOT NULL,
  `scopes` text COLLATE utf8mb4_unicode_ci,
  `revoked` tinyint(1) NOT NULL,
  `expires_at` datetime DEFAULT NULL,
  PRIMARY KEY (`id`)
) ENGINE=InnoDB DEFAULT CHARSET=utf8mb4 COLLATE=utf8mb4_unicode_ci;
/*!40101 SET character_set_client = @saved_cs_client */;

--
-- Dumping data for table `oauth_auth_codes`
--

LOCK TABLES `oauth_auth_codes` WRITE;
/*!40000 ALTER TABLE `oauth_auth_codes` DISABLE KEYS */;
/*!40000 ALTER TABLE `oauth_auth_codes` ENABLE KEYS */;
UNLOCK TABLES;

--
-- Table structure for table `oauth_clients`
--

DROP TABLE IF EXISTS `oauth_clients`;
/*!40101 SET @saved_cs_client     = @@character_set_client */;
/*!40101 SET character_set_client = utf8 */;
CREATE TABLE `oauth_clients` (
  `id` int(10) unsigned NOT NULL AUTO_INCREMENT,
  `user_id` int(11) DEFAULT NULL,
  `name` varchar(191) COLLATE utf8mb4_unicode_ci NOT NULL,
  `secret` varchar(100) COLLATE utf8mb4_unicode_ci NOT NULL,
  `redirect` text COLLATE utf8mb4_unicode_ci NOT NULL,
  `personal_access_client` tinyint(1) NOT NULL,
  `password_client` tinyint(1) NOT NULL,
  `revoked` tinyint(1) NOT NULL,
  `created_at` timestamp NULL DEFAULT NULL,
  `updated_at` timestamp NULL DEFAULT NULL,
  PRIMARY KEY (`id`),
  KEY `oauth_clients_user_id_index` (`user_id`)
) ENGINE=InnoDB AUTO_INCREMENT=3 DEFAULT CHARSET=utf8mb4 COLLATE=utf8mb4_unicode_ci;
/*!40101 SET character_set_client = @saved_cs_client */;

--
-- Dumping data for table `oauth_clients`
--

LOCK TABLES `oauth_clients` WRITE;
/*!40000 ALTER TABLE `oauth_clients` DISABLE KEYS */;
INSERT INTO `oauth_clients` VALUES (1,NULL,'Laravel Personal Access Client','BvagfN2bNzbREmn9pNLQEFsMH4BvCZFluiYRsAWw','http://localhost',1,0,0,'2017-12-25 05:22:03','2017-12-25 05:22:03'),(2,NULL,'Laravel Password Grant Client','ak40PwZWcfblqXcqLdZ94EJJQB9memc4y0dPhYr9','http://localhost',0,1,0,'2017-12-25 05:22:04','2017-12-25 05:22:04');
/*!40000 ALTER TABLE `oauth_clients` ENABLE KEYS */;
UNLOCK TABLES;

--
-- Table structure for table `oauth_personal_access_clients`
--

DROP TABLE IF EXISTS `oauth_personal_access_clients`;
/*!40101 SET @saved_cs_client     = @@character_set_client */;
/*!40101 SET character_set_client = utf8 */;
CREATE TABLE `oauth_personal_access_clients` (
  `id` int(10) unsigned NOT NULL AUTO_INCREMENT,
  `client_id` int(11) NOT NULL,
  `created_at` timestamp NULL DEFAULT NULL,
  `updated_at` timestamp NULL DEFAULT NULL,
  PRIMARY KEY (`id`),
  KEY `oauth_personal_access_clients_client_id_index` (`client_id`)
) ENGINE=InnoDB AUTO_INCREMENT=2 DEFAULT CHARSET=utf8mb4 COLLATE=utf8mb4_unicode_ci;
/*!40101 SET character_set_client = @saved_cs_client */;

--
-- Dumping data for table `oauth_personal_access_clients`
--

LOCK TABLES `oauth_personal_access_clients` WRITE;
/*!40000 ALTER TABLE `oauth_personal_access_clients` DISABLE KEYS */;
INSERT INTO `oauth_personal_access_clients` VALUES (1,1,'2017-12-25 05:22:04','2017-12-25 05:22:04');
/*!40000 ALTER TABLE `oauth_personal_access_clients` ENABLE KEYS */;
UNLOCK TABLES;

--
-- Table structure for table `oauth_refresh_tokens`
--

DROP TABLE IF EXISTS `oauth_refresh_tokens`;
/*!40101 SET @saved_cs_client     = @@character_set_client */;
/*!40101 SET character_set_client = utf8 */;
CREATE TABLE `oauth_refresh_tokens` (
  `id` varchar(100) COLLATE utf8mb4_unicode_ci NOT NULL,
  `access_token_id` varchar(100) COLLATE utf8mb4_unicode_ci NOT NULL,
  `revoked` tinyint(1) NOT NULL,
  `expires_at` datetime DEFAULT NULL,
  PRIMARY KEY (`id`),
  KEY `oauth_refresh_tokens_access_token_id_index` (`access_token_id`)
) ENGINE=InnoDB DEFAULT CHARSET=utf8mb4 COLLATE=utf8mb4_unicode_ci;
/*!40101 SET character_set_client = @saved_cs_client */;

--
-- Dumping data for table `oauth_refresh_tokens`
--

LOCK TABLES `oauth_refresh_tokens` WRITE;
/*!40000 ALTER TABLE `oauth_refresh_tokens` DISABLE KEYS */;
/*!40000 ALTER TABLE `oauth_refresh_tokens` ENABLE KEYS */;
UNLOCK TABLES;

--
-- Table structure for table `password_resets`
--

DROP TABLE IF EXISTS `password_resets`;
/*!40101 SET @saved_cs_client     = @@character_set_client */;
/*!40101 SET character_set_client = utf8 */;
CREATE TABLE `password_resets` (
  `email` varchar(191) COLLATE utf8mb4_unicode_ci NOT NULL,
  `token` varchar(191) COLLATE utf8mb4_unicode_ci NOT NULL,
  `created_at` timestamp NULL DEFAULT NULL,
  KEY `password_resets_email_index` (`email`)
) ENGINE=InnoDB DEFAULT CHARSET=utf8mb4 COLLATE=utf8mb4_unicode_ci;
/*!40101 SET character_set_client = @saved_cs_client */;

--
-- Dumping data for table `password_resets`
--

LOCK TABLES `password_resets` WRITE;
/*!40000 ALTER TABLE `password_resets` DISABLE KEYS */;
/*!40000 ALTER TABLE `password_resets` ENABLE KEYS */;
UNLOCK TABLES;

--
-- Table structure for table `permission_role`
--

DROP TABLE IF EXISTS `permission_role`;
/*!40101 SET @saved_cs_client     = @@character_set_client */;
/*!40101 SET character_set_client = utf8 */;
CREATE TABLE `permission_role` (
  `id` int(10) unsigned NOT NULL AUTO_INCREMENT,
  `permission_id` int(10) unsigned NOT NULL,
  `role_id` int(10) unsigned NOT NULL,
  `created_at` timestamp NULL DEFAULT NULL,
  `updated_at` timestamp NULL DEFAULT NULL,
  PRIMARY KEY (`id`),
  KEY `permission_role_permission_id_index` (`permission_id`),
  KEY `permission_role_role_id_index` (`role_id`),
  CONSTRAINT `permission_role_permission_id_foreign` FOREIGN KEY (`permission_id`) REFERENCES `permissions` (`id`) ON DELETE CASCADE,
  CONSTRAINT `permission_role_role_id_foreign` FOREIGN KEY (`role_id`) REFERENCES `roles` (`id`) ON DELETE CASCADE
) ENGINE=InnoDB AUTO_INCREMENT=227 DEFAULT CHARSET=utf8mb4 COLLATE=utf8mb4_unicode_ci;
/*!40101 SET character_set_client = @saved_cs_client */;

--
-- Dumping data for table `permission_role`
--

LOCK TABLES `permission_role` WRITE;
/*!40000 ALTER TABLE `permission_role` DISABLE KEYS */;
INSERT INTO `permission_role` VALUES (101,1,13,'2017-12-13 13:53:36','2017-12-13 13:53:36'),(131,2,13,'2017-12-13 16:41:55','2017-12-13 16:41:55'),(133,4,13,'2017-12-13 16:42:01','2017-12-13 16:42:01'),(135,5,13,'2017-12-13 16:42:06','2017-12-13 16:42:06'),(143,7,13,'2017-12-19 08:46:43','2017-12-19 08:46:43'),(149,17,27,'2018-01-26 20:55:14','2018-01-26 20:55:14'),(206,1,1,'2018-02-01 07:45:15','2018-02-01 07:45:15'),(207,2,1,'2018-02-01 07:45:15','2018-02-01 07:45:15'),(208,4,1,'2018-02-01 07:45:15','2018-02-01 07:45:15'),(209,5,1,'2018-02-01 07:45:15','2018-02-01 07:45:15'),(210,6,1,'2018-02-01 07:45:15','2018-02-01 07:45:15'),(211,7,1,'2018-02-01 07:45:15','2018-02-01 07:45:15'),(212,8,1,'2018-02-01 07:45:15','2018-02-01 07:45:15'),(213,10,1,'2018-02-01 07:45:15','2018-02-01 07:45:15'),(214,11,1,'2018-02-01 07:45:15','2018-02-01 07:45:15'),(215,12,1,'2018-02-01 07:45:15','2018-02-01 07:45:15'),(216,13,1,'2018-02-01 07:45:15','2018-02-01 07:45:15'),(217,14,1,'2018-02-01 07:45:15','2018-02-01 07:45:15'),(218,15,1,'2018-02-01 07:45:15','2018-02-01 07:45:15'),(219,16,1,'2018-02-01 07:45:15','2018-02-01 07:45:15'),(220,17,1,'2018-02-01 07:45:15','2018-02-01 07:45:15'),(221,18,1,'2018-02-01 07:45:15','2018-02-01 07:45:15'),(222,19,1,'2018-02-01 07:45:15','2018-02-01 07:45:15'),(223,21,1,'2018-02-01 07:45:15','2018-02-01 07:45:15'),(224,22,1,'2018-02-13 05:19:04','2018-02-13 05:19:04'),(225,23,1,'2018-02-13 05:21:48','2018-02-13 05:21:48'),(226,24,1,'2018-02-13 05:25:43','2018-02-13 05:25:43');
/*!40000 ALTER TABLE `permission_role` ENABLE KEYS */;
UNLOCK TABLES;

--
-- Table structure for table `permission_user`
--

DROP TABLE IF EXISTS `permission_user`;
/*!40101 SET @saved_cs_client     = @@character_set_client */;
/*!40101 SET character_set_client = utf8 */;
CREATE TABLE `permission_user` (
  `id` int(10) unsigned NOT NULL AUTO_INCREMENT,
  `permission_id` int(10) unsigned NOT NULL,
  `user_id` int(10) unsigned NOT NULL,
  `created_at` timestamp NULL DEFAULT NULL,
  `updated_at` timestamp NULL DEFAULT NULL,
  PRIMARY KEY (`id`),
  KEY `permission_user_permission_id_index` (`permission_id`),
  KEY `permission_user_user_id_index` (`user_id`),
  CONSTRAINT `permission_user_permission_id_foreign` FOREIGN KEY (`permission_id`) REFERENCES `permissions` (`id`) ON DELETE CASCADE,
  CONSTRAINT `permission_user_user_id_foreign` FOREIGN KEY (`user_id`) REFERENCES `users` (`id`) ON DELETE CASCADE
) ENGINE=InnoDB AUTO_INCREMENT=3 DEFAULT CHARSET=utf8mb4 COLLATE=utf8mb4_unicode_ci;
/*!40101 SET character_set_client = @saved_cs_client */;

--
-- Dumping data for table `permission_user`
--

LOCK TABLES `permission_user` WRITE;
/*!40000 ALTER TABLE `permission_user` DISABLE KEYS */;
INSERT INTO `permission_user` VALUES (2,1,1,'2017-11-27 11:46:04','2017-11-27 11:46:04');
/*!40000 ALTER TABLE `permission_user` ENABLE KEYS */;
UNLOCK TABLES;

--
-- Table structure for table `permissions`
--

DROP TABLE IF EXISTS `permissions`;
/*!40101 SET @saved_cs_client     = @@character_set_client */;
/*!40101 SET character_set_client = utf8 */;
CREATE TABLE `permissions` (
  `id` int(10) unsigned NOT NULL AUTO_INCREMENT,
  `name` varchar(191) COLLATE utf8mb4_unicode_ci NOT NULL,
  `slug` varchar(191) COLLATE utf8mb4_unicode_ci NOT NULL,
  `description` varchar(191) COLLATE utf8mb4_unicode_ci DEFAULT NULL,
  `model` varchar(191) COLLATE utf8mb4_unicode_ci DEFAULT NULL,
  `created_at` timestamp NULL DEFAULT NULL,
  `updated_at` timestamp NULL DEFAULT NULL,
  PRIMARY KEY (`id`),
  UNIQUE KEY `permissions_slug_unique` (`slug`)
) ENGINE=InnoDB AUTO_INCREMENT=25 DEFAULT CHARSET=utf8mb4 COLLATE=utf8mb4_unicode_ci;
/*!40101 SET character_set_client = @saved_cs_client */;

--
-- Dumping data for table `permissions`
--

LOCK TABLES `permissions` WRITE;
/*!40000 ALTER TABLE `permissions` DISABLE KEYS */;
INSERT INTO `permissions` VALUES (1,'Delete log','delete.log','删除日志123',NULL,'2017-11-27 03:21:56','2017-12-13 13:53:36'),(2,'Create users','create.users','123',NULL,'2017-12-05 14:07:43','2017-12-13 16:41:54'),(4,'删除角色','delete.role','123',NULL,'2017-12-07 11:19:37','2017-12-13 16:42:01'),(5,'添加角色','add.role','123',NULL,'2017-12-07 12:00:16','2017-12-13 16:42:06'),(6,'修改角色','edit.role','修改角色',NULL,'2017-12-07 13:30:29','2017-12-07 13:30:29'),(7,'修改操作','edit.permissions','123',NULL,'2017-12-10 12:42:42','2017-12-19 08:46:43'),(8,'添加操作','add.permissions','添加操作',NULL,'2017-12-11 11:59:37','2017-12-12 15:14:29'),(10,'删除操作','delete.permission','删除操作操作',NULL,'2017-12-11 17:21:15','2017-12-11 17:21:15'),(11,'删除用户','delete.user','删除用户',NULL,'2017-12-14 08:56:27','2017-12-14 08:56:27'),(12,'修改用户','edit.user','修改用户',NULL,'2017-12-14 09:48:57','2017-12-14 09:48:57'),(13,'新增院系','add.department','新增院系',NULL,'2017-12-17 11:16:54','2017-12-17 11:16:54'),(14,'删除院系','delete.department','删除院系',NULL,'2017-12-17 11:55:28','2017-12-17 11:55:28'),(15,'修改院系','edit.department','修改院系',NULL,'2017-12-17 12:51:41','2017-12-17 12:51:41'),(16,'删除专业','delete.speciality','删除专业',NULL,'2017-12-18 11:26:28','2017-12-18 11:26:28'),(17,'导入学生','add.students','导入学生',NULL,'2017-12-21 15:48:27','2017-12-21 15:48:27'),(18,'导入教师','add.teachers','导入教师',NULL,'2017-12-21 15:48:55','2017-12-21 15:48:55'),(19,'删除教学楼','delete.build','删除教学楼',NULL,'2017-12-23 07:45:14','2017-12-23 07:45:14'),(20,'删除课室','delete.room','删除课室',NULL,'2017-12-23 08:43:51','2017-12-23 08:43:51'),(21,'导入课程','add.lessons','导入课程',NULL,'2017-12-24 15:11:29','2017-12-24 15:11:29'),(22,'添加辅导员','add.counselor','用于添加辅导员',NULL,'2018-02-13 05:19:04','2018-02-13 05:19:04'),(23,'添加班级（辅导员）','counselor.add.class','用于添加班级，并指定辅导员',NULL,'2018-02-13 05:21:48','2018-02-13 05:21:48'),(24,'删除辅导员','delete.counselor','删除某个辅导员',NULL,'2018-02-13 05:25:43','2018-02-13 05:25:43');
/*!40000 ALTER TABLE `permissions` ENABLE KEYS */;
UNLOCK TABLES;

--
-- Table structure for table `role_user`
--

DROP TABLE IF EXISTS `role_user`;
/*!40101 SET @saved_cs_client     = @@character_set_client */;
/*!40101 SET character_set_client = utf8 */;
CREATE TABLE `role_user` (
  `id` int(10) unsigned NOT NULL AUTO_INCREMENT,
  `role_id` int(10) unsigned NOT NULL,
  `user_id` int(10) unsigned NOT NULL,
  `created_at` timestamp NULL DEFAULT NULL,
  `updated_at` timestamp NULL DEFAULT NULL,
  PRIMARY KEY (`id`),
  KEY `role_user_role_id_index` (`role_id`),
  KEY `role_user_user_id_index` (`user_id`),
  CONSTRAINT `role_user_role_id_foreign` FOREIGN KEY (`role_id`) REFERENCES `roles` (`id`) ON DELETE CASCADE,
  CONSTRAINT `role_user_user_id_foreign` FOREIGN KEY (`user_id`) REFERENCES `users` (`id`) ON DELETE CASCADE
) ENGINE=InnoDB AUTO_INCREMENT=143 DEFAULT CHARSET=utf8mb4 COLLATE=utf8mb4_unicode_ci;
/*!40101 SET character_set_client = @saved_cs_client */;

--
-- Dumping data for table `role_user`
--

LOCK TABLES `role_user` WRITE;
/*!40000 ALTER TABLE `role_user` DISABLE KEYS */;
INSERT INTO `role_user` VALUES (1,1,1,'2017-11-26 05:54:39','2017-11-26 05:54:39'),(62,26,53,'2017-12-21 11:49:51','2017-12-21 11:49:51'),(63,26,54,'2017-12-21 11:49:52','2017-12-21 11:49:52'),(64,26,55,'2017-12-21 11:49:52','2017-12-21 11:49:52'),(65,13,56,'2017-12-21 15:49:32','2017-12-21 15:49:32'),(66,13,57,'2017-12-21 15:49:32','2017-12-21 15:49:32'),(67,13,1,'2017-12-25 11:51:38','2017-12-25 11:51:38'),(68,26,1,'2017-12-25 11:51:38','2017-12-25 11:51:38'),(69,26,58,'2018-02-04 22:38:45','2018-02-04 22:38:45'),(70,26,59,'2018-02-04 22:38:45','2018-02-04 22:38:45'),(71,26,60,'2018-02-04 22:38:45','2018-02-04 22:38:45'),(72,26,61,'2018-02-04 22:38:45','2018-02-04 22:38:45'),(73,26,62,'2018-02-04 22:38:45','2018-02-04 22:38:45'),(74,26,63,'2018-02-04 22:38:45','2018-02-04 22:38:45'),(75,26,64,'2018-02-04 22:38:45','2018-02-04 22:38:45'),(76,26,65,'2018-02-04 22:38:46','2018-02-04 22:38:46'),(77,26,66,'2018-02-04 22:38:46','2018-02-04 22:38:46'),(78,26,67,'2018-02-04 22:40:29','2018-02-04 22:40:29'),(79,26,68,'2018-02-04 22:40:29','2018-02-04 22:40:29'),(80,26,69,'2018-02-04 22:40:29','2018-02-04 22:40:29'),(81,26,70,'2018-02-04 22:40:29','2018-02-04 22:40:29'),(82,26,71,'2018-02-04 22:40:29','2018-02-04 22:40:29'),(83,26,72,'2018-02-04 22:40:29','2018-02-04 22:40:29'),(84,26,73,'2018-02-04 22:40:29','2018-02-04 22:40:29'),(85,26,74,'2018-02-04 22:40:29','2018-02-04 22:40:29'),(86,26,75,'2018-02-04 22:40:30','2018-02-04 22:40:30'),(87,26,76,'2018-02-04 22:41:02','2018-02-04 22:41:02'),(88,26,77,'2018-02-04 22:41:02','2018-02-04 22:41:02'),(89,26,78,'2018-02-04 22:41:03','2018-02-04 22:41:03'),(90,26,79,'2018-02-04 22:41:03','2018-02-04 22:41:03'),(91,26,80,'2018-02-04 22:41:03','2018-02-04 22:41:03'),(92,26,81,'2018-02-04 22:41:03','2018-02-04 22:41:03'),(93,26,82,'2018-02-04 22:41:03','2018-02-04 22:41:03'),(94,26,83,'2018-02-04 22:41:03','2018-02-04 22:41:03'),(95,26,84,'2018-02-04 22:41:03','2018-02-04 22:41:03'),(96,26,85,'2018-02-04 22:50:25','2018-02-04 22:50:25'),(97,26,86,'2018-02-04 22:50:25','2018-02-04 22:50:25'),(98,26,87,'2018-02-04 22:50:25','2018-02-04 22:50:25'),(99,26,88,'2018-02-04 22:50:25','2018-02-04 22:50:25'),(100,26,89,'2018-02-04 22:50:25','2018-02-04 22:50:25'),(101,26,90,'2018-02-04 22:50:25','2018-02-04 22:50:25'),(102,26,91,'2018-02-04 22:50:25','2018-02-04 22:50:25'),(103,26,92,'2018-02-04 22:50:25','2018-02-04 22:50:25'),(104,26,93,'2018-02-04 22:50:25','2018-02-04 22:50:25'),(105,26,94,'2018-02-04 22:50:56','2018-02-04 22:50:56'),(106,26,95,'2018-02-04 22:50:56','2018-02-04 22:50:56'),(107,26,96,'2018-02-04 22:50:56','2018-02-04 22:50:56'),(108,26,97,'2018-02-04 22:50:56','2018-02-04 22:50:56'),(109,26,98,'2018-02-04 22:50:56','2018-02-04 22:50:56'),(110,26,99,'2018-02-04 22:50:56','2018-02-04 22:50:56'),(111,26,100,'2018-02-04 22:50:56','2018-02-04 22:50:56'),(112,26,101,'2018-02-04 22:50:56','2018-02-04 22:50:56'),(113,26,102,'2018-02-04 22:50:56','2018-02-04 22:50:56'),(114,26,103,'2018-02-04 22:51:27','2018-02-04 22:51:27'),(115,26,104,'2018-02-04 22:51:27','2018-02-04 22:51:27'),(116,26,105,'2018-02-04 22:51:27','2018-02-04 22:51:27'),(117,26,106,'2018-02-04 22:51:27','2018-02-04 22:51:27'),(118,26,107,'2018-02-04 22:51:27','2018-02-04 22:51:27'),(119,26,108,'2018-02-04 22:51:27','2018-02-04 22:51:27'),(120,26,109,'2018-02-04 22:51:27','2018-02-04 22:51:27'),(121,26,110,'2018-02-04 22:51:28','2018-02-04 22:51:28'),(122,26,111,'2018-02-04 22:51:28','2018-02-04 22:51:28'),(123,26,112,'2018-02-08 03:16:01','2018-02-08 03:16:01'),(124,26,113,'2018-02-08 03:17:00','2018-02-08 03:17:00'),(125,26,114,'2018-02-08 03:19:45','2018-02-08 03:19:45'),(126,26,115,'2018-02-08 03:22:01','2018-02-08 03:22:01'),(127,26,116,'2018-02-08 03:25:25','2018-02-08 03:25:25'),(128,26,117,'2018-02-08 03:25:25','2018-02-08 03:25:25'),(129,26,118,'2018-02-08 03:25:25','2018-02-08 03:25:25'),(130,26,119,'2018-02-08 03:25:25','2018-02-08 03:25:25'),(131,26,120,'2018-02-08 03:25:25','2018-02-08 03:25:25'),(132,26,121,'2018-02-08 03:25:25','2018-02-08 03:25:25'),(133,26,122,'2018-02-08 03:25:25','2018-02-08 03:25:25'),(134,26,123,'2018-02-08 03:26:40','2018-02-08 03:26:40'),(135,26,124,'2018-02-08 03:26:40','2018-02-08 03:26:40'),(136,26,125,'2018-02-08 03:26:40','2018-02-08 03:26:40'),(137,26,126,'2018-02-08 03:26:40','2018-02-08 03:26:40'),(138,26,127,'2018-02-08 03:26:40','2018-02-08 03:26:40'),(139,26,128,'2018-02-08 03:26:40','2018-02-08 03:26:40'),(140,26,129,'2018-02-08 03:26:40','2018-02-08 03:26:40'),(141,26,130,'2018-02-08 03:26:40','2018-02-08 03:26:40'),(142,26,131,'2018-02-08 03:26:40','2018-02-08 03:26:40');
/*!40000 ALTER TABLE `role_user` ENABLE KEYS */;
UNLOCK TABLES;

--
-- Table structure for table `roles`
--

DROP TABLE IF EXISTS `roles`;
/*!40101 SET @saved_cs_client     = @@character_set_client */;
/*!40101 SET character_set_client = utf8 */;
CREATE TABLE `roles` (
  `id` int(10) unsigned NOT NULL AUTO_INCREMENT,
  `name` varchar(191) COLLATE utf8mb4_unicode_ci NOT NULL,
  `slug` varchar(191) COLLATE utf8mb4_unicode_ci NOT NULL,
  `description` varchar(191) COLLATE utf8mb4_unicode_ci DEFAULT NULL,
  `level` int(11) NOT NULL DEFAULT '1',
  `created_at` timestamp NULL DEFAULT NULL,
  `updated_at` timestamp NULL DEFAULT NULL,
  PRIMARY KEY (`id`),
  UNIQUE KEY `roles_slug_unique` (`slug`)
) ENGINE=InnoDB AUTO_INCREMENT=29 DEFAULT CHARSET=utf8mb4 COLLATE=utf8mb4_unicode_ci;
/*!40101 SET character_set_client = @saved_cs_client */;

--
-- Dumping data for table `roles`
--

LOCK TABLES `roles` WRITE;
/*!40000 ALTER TABLE `roles` DISABLE KEYS */;
INSERT INTO `roles` VALUES (1,'管理员','admin','1231',8,'2017-11-26 05:51:38','2017-12-26 04:25:35'),(13,'老师','teacher','123123123',2,'2017-12-07 15:21:36','2017-12-13 13:51:44'),(26,'学生','student','学生',0,'2017-12-13 15:47:33','2017-12-13 15:47:33'),(27,'辅导员','counselor','辅导员',1,'2018-01-26 20:42:40','2018-01-26 20:42:40');
/*!40000 ALTER TABLE `roles` ENABLE KEYS */;
UNLOCK TABLES;

--
-- Table structure for table `rooms`
--

DROP TABLE IF EXISTS `rooms`;
/*!40101 SET @saved_cs_client     = @@character_set_client */;
/*!40101 SET character_set_client = utf8 */;
CREATE TABLE `rooms` (
  `id` int(10) unsigned NOT NULL AUTO_INCREMENT,
  `room_name` varchar(191) COLLATE utf8mb4_unicode_ci NOT NULL,
  `build_id` int(10) unsigned NOT NULL,
  `created_at` timestamp NULL DEFAULT NULL,
  `updated_at` timestamp NULL DEFAULT NULL,
  PRIMARY KEY (`id`),
  KEY `rooms_build_id_foreign` (`build_id`),
  CONSTRAINT `rooms_build_id_foreign` FOREIGN KEY (`build_id`) REFERENCES `builds` (`id`) ON DELETE CASCADE
) ENGINE=InnoDB AUTO_INCREMENT=542 DEFAULT CHARSET=utf8mb4 COLLATE=utf8mb4_unicode_ci;
/*!40101 SET character_set_client = @saved_cs_client */;

--
-- Dumping data for table `rooms`
--

LOCK TABLES `rooms` WRITE;
/*!40000 ALTER TABLE `rooms` DISABLE KEYS */;
INSERT INTO `rooms` VALUES (57,'101',8,'2017-12-23 07:46:44','2017-12-23 07:46:44'),(58,'102',8,'2017-12-23 07:46:44','2017-12-23 07:46:44'),(59,'103',8,'2017-12-23 07:46:44','2017-12-23 07:46:44'),(60,'104',8,'2017-12-23 07:46:44','2017-12-23 07:46:44'),(61,'105',8,'2017-12-23 07:46:44','2017-12-23 07:46:44'),(62,'106',8,'2017-12-23 07:46:44','2017-12-23 07:46:44'),(63,'107',8,'2017-12-23 07:46:44','2017-12-23 07:46:44'),(64,'108',8,'2017-12-23 07:46:44','2017-12-23 07:46:44'),(65,'201',8,'2017-12-23 07:46:44','2017-12-23 07:46:44'),(66,'202',8,'2017-12-23 07:46:44','2017-12-23 07:46:44'),(67,'203',8,'2017-12-23 07:46:44','2017-12-23 07:46:44'),(68,'204',8,'2017-12-23 07:46:44','2017-12-23 07:46:44'),(69,'205',8,'2017-12-23 07:46:44','2017-12-23 07:46:44'),(70,'206',8,'2017-12-23 07:46:44','2017-12-23 07:46:44'),(71,'207',8,'2017-12-23 07:46:44','2017-12-23 07:46:44'),(72,'208',8,'2017-12-23 07:46:44','2017-12-23 07:46:44'),(73,'301',8,'2017-12-23 07:46:44','2017-12-23 07:46:44'),(74,'302',8,'2017-12-23 07:46:44','2017-12-23 07:46:44'),(75,'303',8,'2017-12-23 07:46:44','2017-12-23 07:46:44'),(76,'304',8,'2017-12-23 07:46:44','2017-12-23 07:46:44'),(77,'305',8,'2017-12-23 07:46:44','2017-12-23 07:46:44'),(78,'306',8,'2017-12-23 07:46:44','2017-12-23 07:46:44'),(79,'307',8,'2017-12-23 07:46:44','2017-12-23 07:46:44'),(80,'308',8,'2017-12-23 07:46:44','2017-12-23 07:46:44'),(81,'401',8,'2017-12-23 07:46:44','2017-12-23 07:46:44'),(82,'402',8,'2017-12-23 07:46:44','2017-12-23 07:46:44'),(83,'403',8,'2017-12-23 07:46:44','2017-12-23 07:46:44'),(84,'404',8,'2017-12-23 07:46:44','2017-12-23 07:46:44'),(85,'405',8,'2017-12-23 07:46:44','2017-12-23 07:46:44'),(86,'406',8,'2017-12-23 07:46:44','2017-12-23 07:46:44'),(87,'407',8,'2017-12-23 07:46:44','2017-12-23 07:46:44'),(88,'408',8,'2017-12-23 07:46:44','2017-12-23 07:46:44'),(89,'501',8,'2017-12-23 07:46:44','2017-12-23 07:46:44'),(90,'502',8,'2017-12-23 07:46:44','2017-12-23 07:46:44'),(91,'503',8,'2017-12-23 07:46:44','2017-12-23 07:46:44'),(92,'504',8,'2017-12-23 07:46:44','2017-12-23 07:46:44'),(93,'505',8,'2017-12-23 07:46:44','2017-12-23 07:46:44'),(94,'506',8,'2017-12-23 07:46:44','2017-12-23 07:46:44'),(95,'507',8,'2017-12-23 07:46:44','2017-12-23 07:46:44'),(97,'101',9,'2017-12-24 16:56:31','2017-12-24 16:56:31'),(98,'102',9,'2017-12-24 16:56:31','2017-12-24 16:56:31'),(99,'103',9,'2017-12-24 16:56:31','2017-12-24 16:56:31'),(100,'104',9,'2017-12-24 16:56:31','2017-12-24 16:56:31'),(101,'105',9,'2017-12-24 16:56:31','2017-12-24 16:56:31'),(102,'106',9,'2017-12-24 16:56:31','2017-12-24 16:56:31'),(103,'107',9,'2017-12-24 16:56:31','2017-12-24 16:56:31'),(104,'108',9,'2017-12-24 16:56:31','2017-12-24 16:56:31'),(105,'201',9,'2017-12-24 16:56:31','2017-12-24 16:56:31'),(106,'202',9,'2017-12-24 16:56:31','2017-12-24 16:56:31'),(107,'203',9,'2017-12-24 16:56:31','2017-12-24 16:56:31'),(108,'204',9,'2017-12-24 16:56:31','2017-12-24 16:56:31'),(109,'205',9,'2017-12-24 16:56:31','2017-12-24 16:56:31'),(110,'206',9,'2017-12-24 16:56:31','2017-12-24 16:56:31'),(111,'207',9,'2017-12-24 16:56:31','2017-12-24 16:56:31'),(112,'208',9,'2017-12-24 16:56:31','2017-12-24 16:56:31'),(113,'301',9,'2017-12-24 16:56:31','2017-12-24 16:56:31'),(114,'302',9,'2017-12-24 16:56:31','2017-12-24 16:56:31'),(115,'303',9,'2017-12-24 16:56:31','2017-12-24 16:56:31'),(116,'304',9,'2017-12-24 16:56:31','2017-12-24 16:56:31'),(117,'305',9,'2017-12-24 16:56:31','2017-12-24 16:56:31'),(118,'306',9,'2017-12-24 16:56:31','2017-12-24 16:56:31'),(119,'307',9,'2017-12-24 16:56:31','2017-12-24 16:56:31'),(120,'308',9,'2017-12-24 16:56:31','2017-12-24 16:56:31'),(121,'401',9,'2017-12-24 16:56:31','2017-12-24 16:56:31'),(122,'402',9,'2017-12-24 16:56:31','2017-12-24 16:56:31'),(123,'403',9,'2017-12-24 16:56:31','2017-12-24 16:56:31'),(124,'404',9,'2017-12-24 16:56:31','2017-12-24 16:56:31'),(125,'405',9,'2017-12-24 16:56:31','2017-12-24 16:56:31'),(126,'406',9,'2017-12-24 16:56:31','2017-12-24 16:56:31'),(127,'407',9,'2017-12-24 16:56:31','2017-12-24 16:56:31'),(128,'408',9,'2017-12-24 16:56:31','2017-12-24 16:56:31'),(129,'501',9,'2017-12-24 16:56:31','2017-12-24 16:56:31'),(130,'502',9,'2017-12-24 16:56:31','2017-12-24 16:56:31'),(131,'503',9,'2017-12-24 16:56:31','2017-12-24 16:56:31'),(132,'504',9,'2017-12-24 16:56:31','2017-12-24 16:56:31'),(133,'505',9,'2017-12-24 16:56:31','2017-12-24 16:56:31'),(134,'506',9,'2017-12-24 16:56:31','2017-12-24 16:56:31'),(135,'507',9,'2017-12-24 16:56:31','2017-12-24 16:56:31'),(136,'508',9,'2017-12-24 16:56:31','2017-12-24 16:56:31'),(137,'101',10,'2017-12-24 16:56:40','2017-12-24 16:56:40'),(138,'102',10,'2017-12-24 16:56:40','2017-12-24 16:56:40'),(139,'103',10,'2017-12-24 16:56:40','2017-12-24 16:56:40'),(140,'104',10,'2017-12-24 16:56:40','2017-12-24 16:56:40'),(141,'105',10,'2017-12-24 16:56:40','2017-12-24 16:56:40'),(142,'106',10,'2017-12-24 16:56:40','2017-12-24 16:56:40'),(143,'107',10,'2017-12-24 16:56:40','2017-12-24 16:56:40'),(144,'108',10,'2017-12-24 16:56:40','2017-12-24 16:56:40'),(145,'201',10,'2017-12-24 16:56:40','2017-12-24 16:56:40'),(146,'202',10,'2017-12-24 16:56:40','2017-12-24 16:56:40'),(147,'203',10,'2017-12-24 16:56:40','2017-12-24 16:56:40'),(148,'204',10,'2017-12-24 16:56:40','2017-12-24 16:56:40'),(149,'205',10,'2017-12-24 16:56:40','2017-12-24 16:56:40'),(150,'206',10,'2017-12-24 16:56:40','2017-12-24 16:56:40'),(151,'207',10,'2017-12-24 16:56:40','2017-12-24 16:56:40'),(152,'208',10,'2017-12-24 16:56:40','2017-12-24 16:56:40'),(153,'301',10,'2017-12-24 16:56:40','2017-12-24 16:56:40'),(154,'302',10,'2017-12-24 16:56:40','2017-12-24 16:56:40'),(155,'303',10,'2017-12-24 16:56:40','2017-12-24 16:56:40'),(156,'304',10,'2017-12-24 16:56:40','2017-12-24 16:56:40'),(157,'305',10,'2017-12-24 16:56:40','2017-12-24 16:56:40'),(158,'306',10,'2017-12-24 16:56:40','2017-12-24 16:56:40'),(159,'307',10,'2017-12-24 16:56:40','2017-12-24 16:56:40'),(160,'308',10,'2017-12-24 16:56:40','2017-12-24 16:56:40'),(161,'401',10,'2017-12-24 16:56:40','2017-12-24 16:56:40'),(162,'402',10,'2017-12-24 16:56:40','2017-12-24 16:56:40'),(163,'403',10,'2017-12-24 16:56:40','2017-12-24 16:56:40'),(164,'404',10,'2017-12-24 16:56:40','2017-12-24 16:56:40'),(165,'405',10,'2017-12-24 16:56:40','2017-12-24 16:56:40'),(166,'406',10,'2017-12-24 16:56:40','2017-12-24 16:56:40'),(167,'407',10,'2017-12-24 16:56:40','2017-12-24 16:56:40'),(168,'408',10,'2017-12-24 16:56:40','2017-12-24 16:56:40'),(169,'501',10,'2017-12-24 16:56:40','2017-12-24 16:56:40'),(170,'502',10,'2017-12-24 16:56:40','2017-12-24 16:56:40'),(171,'503',10,'2017-12-24 16:56:40','2017-12-24 16:56:40'),(172,'504',10,'2017-12-24 16:56:40','2017-12-24 16:56:40'),(173,'505',10,'2017-12-24 16:56:40','2017-12-24 16:56:40'),(174,'506',10,'2017-12-24 16:56:40','2017-12-24 16:56:40'),(175,'507',10,'2017-12-24 16:56:40','2017-12-24 16:56:40'),(177,'101',11,'2017-12-24 16:56:52','2017-12-24 16:56:52'),(178,'102',11,'2017-12-24 16:56:52','2017-12-24 16:56:52'),(179,'103',11,'2017-12-24 16:56:52','2017-12-24 16:56:52'),(180,'104',11,'2017-12-24 16:56:52','2017-12-24 16:56:52'),(181,'105',11,'2017-12-24 16:56:52','2017-12-24 16:56:52'),(182,'106',11,'2017-12-24 16:56:52','2017-12-24 16:56:52'),(183,'107',11,'2017-12-24 16:56:52','2017-12-24 16:56:52'),(184,'108',11,'2017-12-24 16:56:52','2017-12-24 16:56:52'),(185,'201',11,'2017-12-24 16:56:52','2017-12-24 16:56:52'),(186,'202',11,'2017-12-24 16:56:52','2017-12-24 16:56:52'),(187,'203',11,'2017-12-24 16:56:52','2017-12-24 16:56:52'),(188,'204',11,'2017-12-24 16:56:52','2017-12-24 16:56:52'),(189,'205',11,'2017-12-24 16:56:53','2017-12-24 16:56:53'),(190,'206',11,'2017-12-24 16:56:53','2017-12-24 16:56:53'),(191,'207',11,'2017-12-24 16:56:53','2017-12-24 16:56:53'),(192,'208',11,'2017-12-24 16:56:53','2017-12-24 16:56:53'),(193,'301',11,'2017-12-24 16:56:53','2017-12-24 16:56:53'),(194,'302',11,'2017-12-24 16:56:53','2017-12-24 16:56:53'),(195,'303',11,'2017-12-24 16:56:53','2017-12-24 16:56:53'),(196,'304',11,'2017-12-24 16:56:53','2017-12-24 16:56:53'),(197,'305',11,'2017-12-24 16:56:53','2017-12-24 16:56:53'),(198,'306',11,'2017-12-24 16:56:53','2017-12-24 16:56:53'),(199,'307',11,'2017-12-24 16:56:53','2017-12-24 16:56:53'),(200,'308',11,'2017-12-24 16:56:53','2017-12-24 16:56:53'),(201,'401',11,'2017-12-24 16:56:53','2017-12-24 16:56:53'),(202,'402',11,'2017-12-24 16:56:53','2017-12-24 16:56:53'),(203,'403',11,'2017-12-24 16:56:53','2017-12-24 16:56:53'),(204,'404',11,'2017-12-24 16:56:53','2017-12-24 16:56:53'),(205,'405',11,'2017-12-24 16:56:53','2017-12-24 16:56:53'),(206,'406',11,'2017-12-24 16:56:53','2017-12-24 16:56:53'),(207,'407',11,'2017-12-24 16:56:53','2017-12-24 16:56:53'),(208,'408',11,'2017-12-24 16:56:53','2017-12-24 16:56:53'),(209,'501',11,'2017-12-24 16:56:53','2017-12-24 16:56:53'),(210,'502',11,'2017-12-24 16:56:53','2017-12-24 16:56:53'),(211,'503',11,'2017-12-24 16:56:53','2017-12-24 16:56:53'),(212,'504',11,'2017-12-24 16:56:53','2017-12-24 16:56:53'),(213,'505',11,'2017-12-24 16:56:53','2017-12-24 16:56:53'),(214,'506',11,'2017-12-24 16:56:53','2017-12-24 16:56:53'),(215,'507',11,'2017-12-24 16:56:53','2017-12-24 16:56:53'),(216,'508',11,'2017-12-24 16:56:53','2017-12-24 16:56:53'),(272,'101',13,'2017-12-24 16:58:16','2017-12-24 16:58:16'),(273,'102',13,'2017-12-24 16:58:16','2017-12-24 16:58:16'),(274,'103',13,'2017-12-24 16:58:16','2017-12-24 16:58:16'),(275,'104',13,'2017-12-24 16:58:16','2017-12-24 16:58:16'),(276,'105',13,'2017-12-24 16:58:16','2017-12-24 16:58:16'),(277,'106',13,'2017-12-24 16:58:16','2017-12-24 16:58:16'),(278,'107',13,'2017-12-24 16:58:16','2017-12-24 16:58:16'),(279,'108',13,'2017-12-24 16:58:16','2017-12-24 16:58:16'),(280,'109',13,'2017-12-24 16:58:16','2017-12-24 16:58:16'),(281,'110',13,'2017-12-24 16:58:16','2017-12-24 16:58:16'),(282,'111',13,'2017-12-24 16:58:16','2017-12-24 16:58:16'),(283,'112',13,'2017-12-24 16:58:16','2017-12-24 16:58:16'),(284,'113',13,'2017-12-24 16:58:16','2017-12-24 16:58:16'),(285,'201',13,'2017-12-24 16:58:17','2017-12-24 16:58:17'),(286,'202',13,'2017-12-24 16:58:17','2017-12-24 16:58:17'),(287,'203',13,'2017-12-24 16:58:17','2017-12-24 16:58:17'),(288,'204',13,'2017-12-24 16:58:17','2017-12-24 16:58:17'),(289,'205',13,'2017-12-24 16:58:17','2017-12-24 16:58:17'),(290,'206',13,'2017-12-24 16:58:17','2017-12-24 16:58:17'),(291,'207',13,'2017-12-24 16:58:17','2017-12-24 16:58:17'),(292,'208',13,'2017-12-24 16:58:17','2017-12-24 16:58:17'),(293,'209',13,'2017-12-24 16:58:17','2017-12-24 16:58:17'),(294,'210',13,'2017-12-24 16:58:17','2017-12-24 16:58:17'),(295,'211',13,'2017-12-24 16:58:17','2017-12-24 16:58:17'),(296,'212',13,'2017-12-24 16:58:17','2017-12-24 16:58:17'),(297,'213',13,'2017-12-24 16:58:17','2017-12-24 16:58:17'),(298,'301',13,'2017-12-24 16:58:17','2017-12-24 16:58:17'),(299,'302',13,'2017-12-24 16:58:17','2017-12-24 16:58:17'),(300,'303',13,'2017-12-24 16:58:17','2017-12-24 16:58:17'),(301,'304',13,'2017-12-24 16:58:17','2017-12-24 16:58:17'),(302,'305',13,'2017-12-24 16:58:17','2017-12-24 16:58:17'),(303,'306',13,'2017-12-24 16:58:17','2017-12-24 16:58:17'),(304,'307',13,'2017-12-24 16:58:17','2017-12-24 16:58:17'),(305,'308',13,'2017-12-24 16:58:17','2017-12-24 16:58:17'),(306,'309',13,'2017-12-24 16:58:17','2017-12-24 16:58:17'),(307,'310',13,'2017-12-24 16:58:17','2017-12-24 16:58:17'),(308,'311',13,'2017-12-24 16:58:17','2017-12-24 16:58:17'),(309,'312',13,'2017-12-24 16:58:17','2017-12-24 16:58:17'),(310,'313',13,'2017-12-24 16:58:17','2017-12-24 16:58:17'),(311,'401',13,'2017-12-24 16:58:17','2017-12-24 16:58:17'),(312,'402',13,'2017-12-24 16:58:17','2017-12-24 16:58:17'),(313,'403',13,'2017-12-24 16:58:17','2017-12-24 16:58:17'),(314,'404',13,'2017-12-24 16:58:17','2017-12-24 16:58:17'),(315,'405',13,'2017-12-24 16:58:17','2017-12-24 16:58:17'),(316,'406',13,'2017-12-24 16:58:17','2017-12-24 16:58:17'),(317,'407',13,'2017-12-24 16:58:17','2017-12-24 16:58:17'),(318,'408',13,'2017-12-24 16:58:17','2017-12-24 16:58:17'),(319,'409',13,'2017-12-24 16:58:17','2017-12-24 16:58:17'),(320,'410',13,'2017-12-24 16:58:17','2017-12-24 16:58:17'),(321,'411',13,'2017-12-24 16:58:17','2017-12-24 16:58:17'),(322,'412',13,'2017-12-24 16:58:17','2017-12-24 16:58:17'),(323,'413',13,'2017-12-24 16:58:17','2017-12-24 16:58:17'),(324,'501',13,'2017-12-24 16:58:17','2017-12-24 16:58:17'),(325,'502',13,'2017-12-24 16:58:17','2017-12-24 16:58:17'),(326,'503',13,'2017-12-24 16:58:17','2017-12-24 16:58:17'),(327,'504',13,'2017-12-24 16:58:17','2017-12-24 16:58:17'),(328,'505',13,'2017-12-24 16:58:17','2017-12-24 16:58:17'),(329,'506',13,'2017-12-24 16:58:17','2017-12-24 16:58:17'),(330,'507',13,'2017-12-24 16:58:17','2017-12-24 16:58:17'),(331,'508',13,'2017-12-24 16:58:17','2017-12-24 16:58:17'),(332,'509',13,'2017-12-24 16:58:17','2017-12-24 16:58:17'),(333,'510',13,'2017-12-24 16:58:17','2017-12-24 16:58:17'),(334,'511',13,'2017-12-24 16:58:17','2017-12-24 16:58:17'),(335,'512',13,'2017-12-24 16:58:17','2017-12-24 16:58:17'),(336,'513',13,'2017-12-24 16:58:17','2017-12-24 16:58:17'),(337,'101',14,'2017-12-24 16:58:28','2017-12-24 16:58:28'),(338,'102',14,'2017-12-24 16:58:28','2017-12-24 16:58:28'),(339,'103',14,'2017-12-24 16:58:28','2017-12-24 16:58:28'),(340,'104',14,'2017-12-24 16:58:28','2017-12-24 16:58:28'),(341,'105',14,'2017-12-24 16:58:28','2017-12-24 16:58:28'),(342,'106',14,'2017-12-24 16:58:28','2017-12-24 16:58:28'),(343,'107',14,'2017-12-24 16:58:28','2017-12-24 16:58:28'),(344,'108',14,'2017-12-24 16:58:28','2017-12-24 16:58:28'),(345,'109',14,'2017-12-24 16:58:28','2017-12-24 16:58:28'),(346,'110',14,'2017-12-24 16:58:28','2017-12-24 16:58:28'),(347,'111',14,'2017-12-24 16:58:28','2017-12-24 16:58:28'),(348,'112',14,'2017-12-24 16:58:28','2017-12-24 16:58:28'),(349,'113',14,'2017-12-24 16:58:28','2017-12-24 16:58:28'),(350,'201',14,'2017-12-24 16:58:28','2017-12-24 16:58:28'),(351,'202',14,'2017-12-24 16:58:28','2017-12-24 16:58:28'),(352,'203',14,'2017-12-24 16:58:28','2017-12-24 16:58:28'),(353,'204',14,'2017-12-24 16:58:28','2017-12-24 16:58:28'),(354,'205',14,'2017-12-24 16:58:28','2017-12-24 16:58:28'),(355,'206',14,'2017-12-24 16:58:28','2017-12-24 16:58:28'),(356,'207',14,'2017-12-24 16:58:28','2017-12-24 16:58:28'),(357,'208',14,'2017-12-24 16:58:28','2017-12-24 16:58:28'),(358,'209',14,'2017-12-24 16:58:28','2017-12-24 16:58:28'),(359,'210',14,'2017-12-24 16:58:28','2017-12-24 16:58:28'),(360,'211',14,'2017-12-24 16:58:28','2017-12-24 16:58:28'),(361,'212',14,'2017-12-24 16:58:28','2017-12-24 16:58:28'),(362,'213',14,'2017-12-24 16:58:28','2017-12-24 16:58:28'),(363,'301',14,'2017-12-24 16:58:28','2017-12-24 16:58:28'),(364,'302',14,'2017-12-24 16:58:28','2017-12-24 16:58:28'),(365,'303',14,'2017-12-24 16:58:28','2017-12-24 16:58:28'),(366,'304',14,'2017-12-24 16:58:28','2017-12-24 16:58:28'),(367,'305',14,'2017-12-24 16:58:28','2017-12-24 16:58:28'),(368,'306',14,'2017-12-24 16:58:28','2017-12-24 16:58:28'),(369,'307',14,'2017-12-24 16:58:28','2017-12-24 16:58:28'),(370,'308',14,'2017-12-24 16:58:28','2017-12-24 16:58:28'),(371,'309',14,'2017-12-24 16:58:28','2017-12-24 16:58:28'),(372,'310',14,'2017-12-24 16:58:28','2017-12-24 16:58:28'),(373,'311',14,'2017-12-24 16:58:28','2017-12-24 16:58:28'),(374,'312',14,'2017-12-24 16:58:28','2017-12-24 16:58:28'),(375,'313',14,'2017-12-24 16:58:28','2017-12-24 16:58:28'),(376,'401',14,'2017-12-24 16:58:28','2017-12-24 16:58:28'),(377,'402',14,'2017-12-24 16:58:28','2017-12-24 16:58:28'),(378,'403',14,'2017-12-24 16:58:28','2017-12-24 16:58:28'),(379,'404',14,'2017-12-24 16:58:28','2017-12-24 16:58:28'),(380,'405',14,'2017-12-24 16:58:28','2017-12-24 16:58:28'),(381,'406',14,'2017-12-24 16:58:28','2017-12-24 16:58:28'),(382,'407',14,'2017-12-24 16:58:28','2017-12-24 16:58:28'),(383,'408',14,'2017-12-24 16:58:28','2017-12-24 16:58:28'),(384,'409',14,'2017-12-24 16:58:28','2017-12-24 16:58:28'),(385,'410',14,'2017-12-24 16:58:28','2017-12-24 16:58:28'),(386,'411',14,'2017-12-24 16:58:28','2017-12-24 16:58:28'),(387,'412',14,'2017-12-24 16:58:28','2017-12-24 16:58:28'),(388,'413',14,'2017-12-24 16:58:28','2017-12-24 16:58:28'),(389,'501',14,'2017-12-24 16:58:28','2017-12-24 16:58:28'),(390,'502',14,'2017-12-24 16:58:28','2017-12-24 16:58:28'),(391,'503',14,'2017-12-24 16:58:28','2017-12-24 16:58:28'),(392,'504',14,'2017-12-24 16:58:28','2017-12-24 16:58:28'),(393,'505',14,'2017-12-24 16:58:28','2017-12-24 16:58:28'),(394,'506',14,'2017-12-24 16:58:28','2017-12-24 16:58:28'),(395,'507',14,'2017-12-24 16:58:28','2017-12-24 16:58:28'),(396,'508',14,'2017-12-24 16:58:28','2017-12-24 16:58:28'),(397,'509',14,'2017-12-24 16:58:28','2017-12-24 16:58:28'),(398,'510',14,'2017-12-24 16:58:28','2017-12-24 16:58:28'),(399,'511',14,'2017-12-24 16:58:28','2017-12-24 16:58:28'),(400,'512',14,'2017-12-24 16:58:28','2017-12-24 16:58:28'),(401,'513',14,'2017-12-24 16:58:28','2017-12-24 16:58:28'),(402,'101',15,'2017-12-24 16:58:39','2017-12-24 16:58:39'),(403,'102',15,'2017-12-24 16:58:39','2017-12-24 16:58:39'),(404,'103',15,'2017-12-24 16:58:39','2017-12-24 16:58:39'),(405,'104',15,'2017-12-24 16:58:39','2017-12-24 16:58:39'),(406,'105',15,'2017-12-24 16:58:39','2017-12-24 16:58:39'),(407,'106',15,'2017-12-24 16:58:39','2017-12-24 16:58:39'),(408,'107',15,'2017-12-24 16:58:39','2017-12-24 16:58:39'),(409,'108',15,'2017-12-24 16:58:39','2017-12-24 16:58:39'),(410,'109',15,'2017-12-24 16:58:39','2017-12-24 16:58:39'),(411,'110',15,'2017-12-24 16:58:39','2017-12-24 16:58:39'),(412,'111',15,'2017-12-24 16:58:39','2017-12-24 16:58:39'),(413,'112',15,'2017-12-24 16:58:39','2017-12-24 16:58:39'),(414,'113',15,'2017-12-24 16:58:39','2017-12-24 16:58:39'),(415,'201',15,'2017-12-24 16:58:39','2017-12-24 16:58:39'),(416,'202',15,'2017-12-24 16:58:39','2017-12-24 16:58:39'),(417,'203',15,'2017-12-24 16:58:39','2017-12-24 16:58:39'),(418,'204',15,'2017-12-24 16:58:39','2017-12-24 16:58:39'),(419,'205',15,'2017-12-24 16:58:39','2017-12-24 16:58:39'),(420,'206',15,'2017-12-24 16:58:39','2017-12-24 16:58:39'),(421,'207',15,'2017-12-24 16:58:39','2017-12-24 16:58:39'),(422,'208',15,'2017-12-24 16:58:39','2017-12-24 16:58:39'),(423,'209',15,'2017-12-24 16:58:39','2017-12-24 16:58:39'),(424,'210',15,'2017-12-24 16:58:39','2017-12-24 16:58:39'),(425,'211',15,'2017-12-24 16:58:39','2017-12-24 16:58:39'),(426,'212',15,'2017-12-24 16:58:39','2017-12-24 16:58:39'),(427,'213',15,'2017-12-24 16:58:39','2017-12-24 16:58:39'),(428,'301',15,'2017-12-24 16:58:39','2017-12-24 16:58:39'),(429,'302',15,'2017-12-24 16:58:39','2017-12-24 16:58:39'),(430,'303',15,'2017-12-24 16:58:39','2017-12-24 16:58:39'),(431,'304',15,'2017-12-24 16:58:39','2017-12-24 16:58:39'),(432,'305',15,'2017-12-24 16:58:39','2017-12-24 16:58:39'),(433,'306',15,'2017-12-24 16:58:39','2017-12-24 16:58:39'),(434,'307',15,'2017-12-24 16:58:39','2017-12-24 16:58:39'),(435,'308',15,'2017-12-24 16:58:39','2017-12-24 16:58:39'),(436,'309',15,'2017-12-24 16:58:39','2017-12-24 16:58:39'),(437,'310',15,'2017-12-24 16:58:39','2017-12-24 16:58:39'),(438,'311',15,'2017-12-24 16:58:39','2017-12-24 16:58:39'),(439,'312',15,'2017-12-24 16:58:39','2017-12-24 16:58:39'),(440,'313',15,'2017-12-24 16:58:39','2017-12-24 16:58:39'),(441,'401',15,'2017-12-24 16:58:39','2017-12-24 16:58:39'),(442,'402',15,'2017-12-24 16:58:39','2017-12-24 16:58:39'),(443,'403',15,'2017-12-24 16:58:39','2017-12-24 16:58:39'),(444,'404',15,'2017-12-24 16:58:39','2017-12-24 16:58:39'),(445,'405',15,'2017-12-24 16:58:39','2017-12-24 16:58:39'),(446,'406',15,'2017-12-24 16:58:39','2017-12-24 16:58:39'),(447,'407',15,'2017-12-24 16:58:39','2017-12-24 16:58:39'),(448,'408',15,'2017-12-24 16:58:39','2017-12-24 16:58:39'),(449,'409',15,'2017-12-24 16:58:39','2017-12-24 16:58:39'),(450,'410',15,'2017-12-24 16:58:39','2017-12-24 16:58:39'),(451,'411',15,'2017-12-24 16:58:39','2017-12-24 16:58:39'),(452,'412',15,'2017-12-24 16:58:39','2017-12-24 16:58:39'),(453,'413',15,'2017-12-24 16:58:39','2017-12-24 16:58:39'),(454,'501',15,'2017-12-24 16:58:39','2017-12-24 16:58:39'),(455,'502',15,'2017-12-24 16:58:39','2017-12-24 16:58:39'),(456,'503',15,'2017-12-24 16:58:39','2017-12-24 16:58:39'),(457,'504',15,'2017-12-24 16:58:39','2017-12-24 16:58:39'),(458,'505',15,'2017-12-24 16:58:39','2017-12-24 16:58:39'),(459,'506',15,'2017-12-24 16:58:39','2017-12-24 16:58:39'),(460,'507',15,'2017-12-24 16:58:39','2017-12-24 16:58:39'),(461,'508',15,'2017-12-24 16:58:39','2017-12-24 16:58:39'),(462,'509',15,'2017-12-24 16:58:39','2017-12-24 16:58:39'),(463,'510',15,'2017-12-24 16:58:39','2017-12-24 16:58:39'),(464,'511',15,'2017-12-24 16:58:39','2017-12-24 16:58:39'),(465,'512',15,'2017-12-24 16:58:39','2017-12-24 16:58:39'),(466,'513',15,'2017-12-24 16:58:39','2017-12-24 16:58:39'),(467,'101',16,'2017-12-24 17:00:03','2017-12-24 17:00:03'),(468,'102',16,'2017-12-24 17:00:03','2017-12-24 17:00:03'),(469,'103',16,'2017-12-24 17:00:03','2017-12-24 17:00:03'),(470,'104',16,'2017-12-24 17:00:03','2017-12-24 17:00:03'),(471,'105',16,'2017-12-24 17:00:03','2017-12-24 17:00:03'),(472,'106',16,'2017-12-24 17:00:03','2017-12-24 17:00:03'),(473,'107',16,'2017-12-24 17:00:03','2017-12-24 17:00:03'),(474,'108',16,'2017-12-24 17:00:03','2017-12-24 17:00:03'),(475,'109',16,'2017-12-24 17:00:03','2017-12-24 17:00:03'),(476,'110',16,'2017-12-24 17:00:03','2017-12-24 17:00:03'),(477,'111',16,'2017-12-24 17:00:03','2017-12-24 17:00:03'),(478,'112',16,'2017-12-24 17:00:03','2017-12-24 17:00:03'),(479,'113',16,'2017-12-24 17:00:03','2017-12-24 17:00:03'),(480,'114',16,'2017-12-24 17:00:03','2017-12-24 17:00:03'),(481,'115',16,'2017-12-24 17:00:03','2017-12-24 17:00:03'),(482,'201',16,'2017-12-24 17:00:03','2017-12-24 17:00:03'),(483,'202',16,'2017-12-24 17:00:03','2017-12-24 17:00:03'),(484,'203',16,'2017-12-24 17:00:03','2017-12-24 17:00:03'),(485,'204',16,'2017-12-24 17:00:03','2017-12-24 17:00:03'),(486,'205',16,'2017-12-24 17:00:03','2017-12-24 17:00:03'),(487,'206',16,'2017-12-24 17:00:03','2017-12-24 17:00:03'),(488,'207',16,'2017-12-24 17:00:03','2017-12-24 17:00:03'),(489,'208',16,'2017-12-24 17:00:03','2017-12-24 17:00:03'),(490,'209',16,'2017-12-24 17:00:03','2017-12-24 17:00:03'),(491,'210',16,'2017-12-24 17:00:03','2017-12-24 17:00:03'),(492,'211',16,'2017-12-24 17:00:03','2017-12-24 17:00:03'),(493,'212',16,'2017-12-24 17:00:03','2017-12-24 17:00:03'),(494,'213',16,'2017-12-24 17:00:03','2017-12-24 17:00:03'),(495,'214',16,'2017-12-24 17:00:03','2017-12-24 17:00:03'),(496,'215',16,'2017-12-24 17:00:03','2017-12-24 17:00:03'),(497,'301',16,'2017-12-24 17:00:03','2017-12-24 17:00:03'),(498,'302',16,'2017-12-24 17:00:03','2017-12-24 17:00:03'),(499,'303',16,'2017-12-24 17:00:03','2017-12-24 17:00:03'),(500,'304',16,'2017-12-24 17:00:03','2017-12-24 17:00:03'),(501,'305',16,'2017-12-24 17:00:03','2017-12-24 17:00:03'),(502,'306',16,'2017-12-24 17:00:03','2017-12-24 17:00:03'),(503,'307',16,'2017-12-24 17:00:03','2017-12-24 17:00:03'),(504,'308',16,'2017-12-24 17:00:03','2017-12-24 17:00:03'),(505,'309',16,'2017-12-24 17:00:03','2017-12-24 17:00:03'),(506,'310',16,'2017-12-24 17:00:03','2017-12-24 17:00:03'),(507,'311',16,'2017-12-24 17:00:03','2017-12-24 17:00:03'),(508,'312',16,'2017-12-24 17:00:03','2017-12-24 17:00:03'),(509,'313',16,'2017-12-24 17:00:03','2017-12-24 17:00:03'),(510,'314',16,'2017-12-24 17:00:03','2017-12-24 17:00:03'),(511,'315',16,'2017-12-24 17:00:03','2017-12-24 17:00:03'),(512,'401',16,'2017-12-24 17:00:03','2017-12-24 17:00:03'),(513,'402',16,'2017-12-24 17:00:03','2017-12-24 17:00:03'),(514,'403',16,'2017-12-24 17:00:03','2017-12-24 17:00:03'),(515,'404',16,'2017-12-24 17:00:03','2017-12-24 17:00:03'),(516,'405',16,'2017-12-24 17:00:03','2017-12-24 17:00:03'),(517,'406',16,'2017-12-24 17:00:03','2017-12-24 17:00:03'),(518,'407',16,'2017-12-24 17:00:03','2017-12-24 17:00:03'),(519,'408',16,'2017-12-24 17:00:03','2017-12-24 17:00:03'),(520,'409',16,'2017-12-24 17:00:03','2017-12-24 17:00:03'),(521,'410',16,'2017-12-24 17:00:03','2017-12-24 17:00:03'),(522,'411',16,'2017-12-24 17:00:03','2017-12-24 17:00:03'),(523,'412',16,'2017-12-24 17:00:03','2017-12-24 17:00:03'),(524,'413',16,'2017-12-24 17:00:03','2017-12-24 17:00:03'),(525,'414',16,'2017-12-24 17:00:03','2017-12-24 17:00:03'),(526,'415',16,'2017-12-24 17:00:03','2017-12-24 17:00:03'),(527,'501',16,'2017-12-24 17:00:03','2017-12-24 17:00:03'),(528,'502',16,'2017-12-24 17:00:03','2017-12-24 17:00:03'),(529,'503',16,'2017-12-24 17:00:03','2017-12-24 17:00:03'),(530,'504',16,'2017-12-24 17:00:03','2017-12-24 17:00:03'),(531,'505',16,'2017-12-24 17:00:03','2017-12-24 17:00:03'),(532,'506',16,'2017-12-24 17:00:03','2017-12-24 17:00:03'),(533,'507',16,'2017-12-24 17:00:03','2017-12-24 17:00:03'),(534,'508',16,'2017-12-24 17:00:03','2017-12-24 17:00:03'),(535,'509',16,'2017-12-24 17:00:03','2017-12-24 17:00:03'),(536,'510',16,'2017-12-24 17:00:03','2017-12-24 17:00:03'),(537,'511',16,'2017-12-24 17:00:03','2017-12-24 17:00:03'),(538,'512',16,'2017-12-24 17:00:03','2017-12-24 17:00:03'),(539,'513',16,'2017-12-24 17:00:03','2017-12-24 17:00:03'),(540,'514',16,'2017-12-24 17:00:03','2017-12-24 17:00:03'),(541,'515',16,'2017-12-24 17:00:03','2017-12-24 17:00:03');
/*!40000 ALTER TABLE `rooms` ENABLE KEYS */;
UNLOCK TABLES;

--
-- Table structure for table `settings`
--

DROP TABLE IF EXISTS `settings`;
/*!40101 SET @saved_cs_client     = @@character_set_client */;
/*!40101 SET character_set_client = utf8 */;
CREATE TABLE `settings` (
  `id` int(10) unsigned NOT NULL AUTO_INCREMENT,
  `key` varchar(191) COLLATE utf8mb4_unicode_ci NOT NULL,
  `value` longtext COLLATE utf8mb4_unicode_ci NOT NULL,
  `created_at` timestamp NULL DEFAULT NULL,
  `updated_at` timestamp NULL DEFAULT NULL,
  PRIMARY KEY (`id`),
  UNIQUE KEY `settings_key_unique` (`key`)
) ENGINE=InnoDB AUTO_INCREMENT=5 DEFAULT CHARSET=utf8mb4 COLLATE=utf8mb4_unicode_ci;
/*!40101 SET character_set_client = @saved_cs_client */;

--
-- Dumping data for table `settings`
--

LOCK TABLES `settings` WRITE;
/*!40000 ALTER TABLE `settings` DISABLE KEYS */;
INSERT INTO `settings` VALUES (3,'学年','2017-2018','2018-01-27 04:56:37','2018-02-01 08:23:52');
/*!40000 ALTER TABLE `settings` ENABLE KEYS */;
UNLOCK TABLES;

--
-- Table structure for table `sign_ins`
--

DROP TABLE IF EXISTS `sign_ins`;
/*!40101 SET @saved_cs_client     = @@character_set_client */;
/*!40101 SET character_set_client = utf8 */;
CREATE TABLE `sign_ins` (
  `id` int(10) unsigned NOT NULL AUTO_INCREMENT COMMENT '签到id',
  `stu_id` int(10) unsigned NOT NULL COMMENT '签到学生',
  `created_at` timestamp NULL DEFAULT NULL,
  `updated_at` timestamp NULL DEFAULT NULL,
  `att_id` int(10) unsigned NOT NULL,
  PRIMARY KEY (`id`),
  KEY `sign_ins_stu_id_index` (`stu_id`),
  KEY `sign_ins_att_id_foreign` (`att_id`),
  CONSTRAINT `sign_ins_att_id_foreign` FOREIGN KEY (`att_id`) REFERENCES `attendances` (`id`) ON DELETE CASCADE,
  CONSTRAINT `sign_ins_stu_id_foreign` FOREIGN KEY (`stu_id`) REFERENCES `students` (`id`) ON DELETE CASCADE
) ENGINE=InnoDB AUTO_INCREMENT=809 DEFAULT CHARSET=utf8mb4 COLLATE=utf8mb4_unicode_ci;
/*!40101 SET character_set_client = @saved_cs_client */;

--
-- Dumping data for table `sign_ins`
--

LOCK TABLES `sign_ins` WRITE;
/*!40000 ALTER TABLE `sign_ins` DISABLE KEYS */;
INSERT INTO `sign_ins` VALUES (157,32,'2018-02-04 23:01:58','2018-02-04 23:01:58',43),(158,33,'2018-02-04 23:01:58','2018-02-04 23:01:58',43),(159,36,'2018-02-04 23:01:58','2018-02-04 23:01:58',43),(160,38,'2018-02-04 23:01:58','2018-02-04 23:01:58',43),(161,39,'2018-02-04 23:01:58','2018-02-04 23:01:58',43),(162,32,'2018-02-04 23:01:58','2018-02-04 23:01:58',44),(163,34,'2018-02-04 23:01:58','2018-02-04 23:01:58',44),(164,32,'2018-02-04 23:01:58','2018-02-04 23:01:58',45),(165,33,'2018-02-04 23:01:58','2018-02-04 23:01:58',45),(166,34,'2018-02-04 23:01:58','2018-02-04 23:01:58',45),(167,38,'2018-02-04 23:01:58','2018-02-04 23:01:58',45),(168,49,'2018-02-04 23:01:58','2018-02-04 23:01:58',47),(169,51,'2018-02-04 23:01:58','2018-02-04 23:01:58',47),(170,53,'2018-02-04 23:01:58','2018-02-04 23:01:58',47),(171,56,'2018-02-04 23:01:58','2018-02-04 23:01:58',47),(172,57,'2018-02-04 23:01:58','2018-02-04 23:01:58',47),(173,2,'2018-02-04 23:01:58','2018-02-04 23:01:58',48),(174,1,'2018-02-04 23:01:58','2018-02-04 23:01:58',49),(175,31,'2018-02-04 23:01:58','2018-02-04 23:01:58',50),(176,33,'2018-02-04 23:01:58','2018-02-04 23:01:58',50),(177,34,'2018-02-04 23:01:58','2018-02-04 23:01:58',50),(178,35,'2018-02-04 23:01:58','2018-02-04 23:01:58',50),(179,36,'2018-02-04 23:01:58','2018-02-04 23:01:58',50),(180,4,'2018-02-04 23:01:58','2018-02-04 23:01:58',51),(181,5,'2018-02-04 23:01:58','2018-02-04 23:01:58',51),(182,9,'2018-02-04 23:01:58','2018-02-04 23:01:58',51),(183,13,'2018-02-04 23:01:58','2018-02-04 23:01:58',52),(184,14,'2018-02-04 23:01:58','2018-02-04 23:01:58',52),(185,16,'2018-02-04 23:01:58','2018-02-04 23:01:58',52),(186,17,'2018-02-04 23:01:58','2018-02-04 23:01:58',52),(187,21,'2018-02-04 23:01:58','2018-02-04 23:01:58',52),(188,23,'2018-02-04 23:01:58','2018-02-04 23:01:58',52),(189,25,'2018-02-04 23:01:58','2018-02-04 23:01:58',52),(190,27,'2018-02-04 23:01:58','2018-02-04 23:01:58',52),(191,29,'2018-02-04 23:01:58','2018-02-04 23:01:58',52),(192,5,'2018-02-04 23:01:59','2018-02-04 23:01:59',53),(193,7,'2018-02-04 23:01:59','2018-02-04 23:01:59',53),(194,8,'2018-02-04 23:01:59','2018-02-04 23:01:59',53),(195,9,'2018-02-04 23:01:59','2018-02-04 23:01:59',53),(196,11,'2018-02-04 23:01:59','2018-02-04 23:01:59',53),(197,3,'2018-02-04 23:01:59','2018-02-04 23:01:59',54),(198,31,'2018-02-04 23:01:59','2018-02-04 23:01:59',55),(199,32,'2018-02-04 23:01:59','2018-02-04 23:01:59',55),(200,33,'2018-02-04 23:01:59','2018-02-04 23:01:59',55),(201,36,'2018-02-04 23:01:59','2018-02-04 23:01:59',55),(202,38,'2018-02-04 23:01:59','2018-02-04 23:01:59',55),(203,13,'2018-02-04 23:01:59','2018-02-04 23:01:59',56),(204,19,'2018-02-04 23:01:59','2018-02-04 23:01:59',56),(205,21,'2018-02-04 23:01:59','2018-02-04 23:01:59',56),(206,24,'2018-02-04 23:01:59','2018-02-04 23:01:59',56),(207,25,'2018-02-04 23:01:59','2018-02-04 23:01:59',56),(208,30,'2018-02-04 23:01:59','2018-02-04 23:01:59',56),(209,5,'2018-02-04 23:01:59','2018-02-04 23:01:59',58),(210,6,'2018-02-04 23:01:59','2018-02-04 23:01:59',58),(211,8,'2018-02-04 23:01:59','2018-02-04 23:01:59',58),(212,9,'2018-02-04 23:01:59','2018-02-04 23:01:59',58),(213,11,'2018-02-04 23:01:59','2018-02-04 23:01:59',58),(214,33,'2018-02-04 23:01:59','2018-02-04 23:01:59',60),(215,34,'2018-02-04 23:01:59','2018-02-04 23:01:59',60),(216,36,'2018-02-04 23:01:59','2018-02-04 23:01:59',60),(217,37,'2018-02-04 23:01:59','2018-02-04 23:01:59',60),(218,38,'2018-02-04 23:01:59','2018-02-04 23:01:59',60),(219,52,'2018-02-04 23:01:59','2018-02-04 23:01:59',61),(220,54,'2018-02-04 23:01:59','2018-02-04 23:01:59',61),(221,32,'2018-02-04 23:01:59','2018-02-04 23:01:59',62),(222,33,'2018-02-04 23:01:59','2018-02-04 23:01:59',62),(223,34,'2018-02-04 23:01:59','2018-02-04 23:01:59',62),(224,35,'2018-02-04 23:01:59','2018-02-04 23:01:59',62),(225,36,'2018-02-04 23:01:59','2018-02-04 23:01:59',62),(226,38,'2018-02-04 23:01:59','2018-02-04 23:01:59',62),(227,1,'2018-02-08 03:32:03','2018-02-08 03:32:03',63),(228,3,'2018-02-08 03:32:03','2018-02-08 03:32:03',63),(229,1,'2018-02-08 03:32:03','2018-02-08 03:32:03',64),(230,3,'2018-02-08 03:32:03','2018-02-08 03:32:03',64),(231,58,'2018-02-08 03:32:03','2018-02-08 03:32:03',65),(232,59,'2018-02-08 03:32:03','2018-02-08 03:32:03',65),(233,62,'2018-02-08 03:32:03','2018-02-08 03:32:03',65),(234,1,'2018-02-08 03:32:03','2018-02-08 03:32:03',66),(235,59,'2018-02-08 03:32:03','2018-02-08 03:32:03',67),(236,60,'2018-02-08 03:32:03','2018-02-08 03:32:03',67),(237,61,'2018-02-08 03:32:03','2018-02-08 03:32:03',67),(238,62,'2018-02-08 03:32:03','2018-02-08 03:32:03',67),(239,63,'2018-02-08 03:32:03','2018-02-08 03:32:03',67),(240,67,'2018-02-08 03:32:03','2018-02-08 03:32:03',68),(241,69,'2018-02-08 03:32:03','2018-02-08 03:32:03',68),(242,71,'2018-02-08 03:32:03','2018-02-08 03:32:03',68),(243,72,'2018-02-08 03:32:03','2018-02-08 03:32:03',68),(244,49,'2018-02-08 03:32:03','2018-02-08 03:32:03',69),(245,50,'2018-02-08 03:32:03','2018-02-08 03:32:03',69),(246,51,'2018-02-08 03:32:03','2018-02-08 03:32:03',69),(247,52,'2018-02-08 03:32:03','2018-02-08 03:32:03',69),(248,53,'2018-02-08 03:32:03','2018-02-08 03:32:03',69),(249,55,'2018-02-08 03:32:03','2018-02-08 03:32:03',69),(250,40,'2018-02-08 03:32:03','2018-02-08 03:32:03',71),(251,45,'2018-02-08 03:32:03','2018-02-08 03:32:03',71),(252,46,'2018-02-08 03:32:03','2018-02-08 03:32:03',71),(253,1,'2018-02-08 03:32:03','2018-02-08 03:32:03',72),(254,3,'2018-02-08 03:32:03','2018-02-08 03:32:03',72),(255,1,'2018-02-08 03:32:04','2018-02-08 03:32:04',73),(256,2,'2018-02-08 03:32:04','2018-02-08 03:32:04',73),(257,3,'2018-02-08 03:32:04','2018-02-08 03:32:04',73),(258,51,'2018-02-08 03:32:04','2018-02-08 03:32:04',74),(259,54,'2018-02-08 03:32:04','2018-02-08 03:32:04',74),(260,55,'2018-02-08 03:32:04','2018-02-08 03:32:04',74),(261,56,'2018-02-08 03:32:04','2018-02-08 03:32:04',74),(262,57,'2018-02-08 03:32:04','2018-02-08 03:32:04',74),(263,13,'2018-02-08 03:32:04','2018-02-08 03:32:04',75),(264,14,'2018-02-08 03:32:04','2018-02-08 03:32:04',75),(265,16,'2018-02-08 03:32:04','2018-02-08 03:32:04',75),(266,20,'2018-02-08 03:32:04','2018-02-08 03:32:04',75),(267,21,'2018-02-08 03:32:04','2018-02-08 03:32:04',75),(268,25,'2018-02-08 03:32:04','2018-02-08 03:32:04',75),(269,27,'2018-02-08 03:32:04','2018-02-08 03:32:04',75),(270,30,'2018-02-08 03:32:04','2018-02-08 03:32:04',75),(271,49,'2018-02-08 03:32:04','2018-02-08 03:32:04',76),(272,50,'2018-02-08 03:32:04','2018-02-08 03:32:04',76),(273,52,'2018-02-08 03:32:04','2018-02-08 03:32:04',76),(274,53,'2018-02-08 03:32:04','2018-02-08 03:32:04',76),(275,54,'2018-02-08 03:32:04','2018-02-08 03:32:04',76),(276,55,'2018-02-08 03:32:04','2018-02-08 03:32:04',76),(277,4,'2018-02-08 03:32:04','2018-02-08 03:32:04',77),(278,6,'2018-02-08 03:32:04','2018-02-08 03:32:04',77),(279,7,'2018-02-08 03:32:04','2018-02-08 03:32:04',77),(280,8,'2018-02-08 03:32:04','2018-02-08 03:32:04',77),(281,9,'2018-02-08 03:32:04','2018-02-08 03:32:04',77),(282,10,'2018-02-08 03:32:04','2018-02-08 03:32:04',77),(283,11,'2018-02-08 03:32:04','2018-02-08 03:32:04',77),(284,12,'2018-02-08 03:32:04','2018-02-08 03:32:04',77),(285,4,'2018-02-08 03:32:04','2018-02-08 03:32:04',78),(286,5,'2018-02-08 03:32:04','2018-02-08 03:32:04',78),(287,6,'2018-02-08 03:32:04','2018-02-08 03:32:04',78),(288,7,'2018-02-08 03:32:04','2018-02-08 03:32:04',78),(289,8,'2018-02-08 03:32:04','2018-02-08 03:32:04',78),(290,9,'2018-02-08 03:32:04','2018-02-08 03:32:04',78),(291,10,'2018-02-08 03:32:04','2018-02-08 03:32:04',78),(292,49,'2018-02-08 03:32:05','2018-02-08 03:32:05',79),(293,50,'2018-02-08 03:32:05','2018-02-08 03:32:05',79),(294,54,'2018-02-08 03:32:05','2018-02-08 03:32:05',79),(295,31,'2018-02-08 03:32:05','2018-02-08 03:32:05',80),(296,34,'2018-02-08 03:32:05','2018-02-08 03:32:05',80),(297,35,'2018-02-08 03:32:05','2018-02-08 03:32:05',80),(298,37,'2018-02-08 03:32:05','2018-02-08 03:32:05',80),(299,39,'2018-02-08 03:32:05','2018-02-08 03:32:05',80),(300,1,'2018-02-08 03:32:05','2018-02-08 03:32:05',81),(301,2,'2018-02-08 03:32:05','2018-02-08 03:32:05',81),(302,14,'2018-02-08 03:32:05','2018-02-08 03:32:05',82),(303,16,'2018-02-08 03:32:05','2018-02-08 03:32:05',82),(304,19,'2018-02-08 03:32:05','2018-02-08 03:32:05',82),(305,25,'2018-02-08 03:32:05','2018-02-08 03:32:05',82),(306,26,'2018-02-08 03:32:05','2018-02-08 03:32:05',82),(307,27,'2018-02-08 03:32:05','2018-02-08 03:32:05',82),(308,1,'2018-02-08 03:32:05','2018-02-08 03:32:05',83),(309,2,'2018-02-08 03:32:05','2018-02-08 03:32:05',83),(310,33,'2018-02-08 03:32:05','2018-02-08 03:32:05',84),(311,34,'2018-02-08 03:32:05','2018-02-08 03:32:05',84),(312,35,'2018-02-08 03:32:05','2018-02-08 03:32:05',84),(313,36,'2018-02-08 03:32:05','2018-02-08 03:32:05',84),(314,37,'2018-02-08 03:32:05','2018-02-08 03:32:05',84),(315,39,'2018-02-08 03:32:05','2018-02-08 03:32:05',84),(316,59,'2018-02-08 03:32:05','2018-02-08 03:32:05',85),(317,60,'2018-02-08 03:32:05','2018-02-08 03:32:05',85),(318,63,'2018-02-08 03:32:05','2018-02-08 03:32:05',85),(319,40,'2018-02-08 03:32:05','2018-02-08 03:32:05',86),(320,41,'2018-02-08 03:32:05','2018-02-08 03:32:05',86),(321,42,'2018-02-08 03:32:05','2018-02-08 03:32:05',86),(322,44,'2018-02-08 03:32:05','2018-02-08 03:32:05',86),(323,45,'2018-02-08 03:32:05','2018-02-08 03:32:05',86),(324,47,'2018-02-08 03:32:05','2018-02-08 03:32:05',86),(325,33,'2018-02-08 03:32:05','2018-02-08 03:32:05',87),(326,34,'2018-02-08 03:32:05','2018-02-08 03:32:05',87),(327,36,'2018-02-08 03:32:05','2018-02-08 03:32:05',87),(328,38,'2018-02-08 03:32:05','2018-02-08 03:32:05',87),(329,39,'2018-02-08 03:32:05','2018-02-08 03:32:05',87),(330,65,'2018-02-08 03:32:05','2018-02-08 03:32:05',88),(331,68,'2018-02-08 03:32:05','2018-02-08 03:32:05',88),(332,69,'2018-02-08 03:32:05','2018-02-08 03:32:05',88),(333,70,'2018-02-08 03:32:05','2018-02-08 03:32:05',88),(334,73,'2018-02-08 03:32:05','2018-02-08 03:32:05',88),(335,31,'2018-02-08 03:32:05','2018-02-08 03:32:05',89),(336,33,'2018-02-08 03:32:05','2018-02-08 03:32:05',89),(337,35,'2018-02-08 03:32:05','2018-02-08 03:32:05',89),(338,36,'2018-02-08 03:32:05','2018-02-08 03:32:05',89),(339,37,'2018-02-08 03:32:05','2018-02-08 03:32:05',89),(340,38,'2018-02-08 03:32:05','2018-02-08 03:32:05',89),(341,39,'2018-02-08 03:32:05','2018-02-08 03:32:05',89),(342,41,'2018-02-08 03:32:05','2018-02-08 03:32:05',90),(343,42,'2018-02-08 03:32:05','2018-02-08 03:32:05',90),(344,46,'2018-02-08 03:32:05','2018-02-08 03:32:05',90),(345,48,'2018-02-08 03:32:05','2018-02-08 03:32:05',90),(346,15,'2018-02-08 03:32:05','2018-02-08 03:32:05',91),(347,21,'2018-02-08 03:32:05','2018-02-08 03:32:05',91),(348,23,'2018-02-08 03:32:05','2018-02-08 03:32:05',91),(349,27,'2018-02-08 03:32:05','2018-02-08 03:32:05',91),(350,28,'2018-02-08 03:32:05','2018-02-08 03:32:05',91),(351,45,'2018-02-08 03:32:05','2018-02-08 03:32:05',92),(352,48,'2018-02-08 03:32:05','2018-02-08 03:32:05',92),(353,4,'2018-02-08 03:32:06','2018-02-08 03:32:06',93),(354,5,'2018-02-08 03:32:06','2018-02-08 03:32:06',93),(355,8,'2018-02-08 03:32:06','2018-02-08 03:32:06',93),(356,11,'2018-02-08 03:32:06','2018-02-08 03:32:06',93),(357,65,'2018-02-08 03:32:06','2018-02-08 03:32:06',95),(358,66,'2018-02-08 03:32:06','2018-02-08 03:32:06',95),(359,67,'2018-02-08 03:32:06','2018-02-08 03:32:06',95),(360,69,'2018-02-08 03:32:06','2018-02-08 03:32:06',95),(361,13,'2018-02-08 03:32:06','2018-02-08 03:32:06',96),(362,14,'2018-02-08 03:32:06','2018-02-08 03:32:06',96),(363,15,'2018-02-08 03:32:06','2018-02-08 03:32:06',96),(364,16,'2018-02-08 03:32:06','2018-02-08 03:32:06',96),(365,17,'2018-02-08 03:32:06','2018-02-08 03:32:06',96),(366,20,'2018-02-08 03:32:06','2018-02-08 03:32:06',96),(367,22,'2018-02-08 03:32:06','2018-02-08 03:32:06',96),(368,24,'2018-02-08 03:32:06','2018-02-08 03:32:06',96),(369,28,'2018-02-08 03:32:06','2018-02-08 03:32:06',96),(370,67,'2018-02-08 03:32:06','2018-02-08 03:32:06',98),(371,68,'2018-02-08 03:32:06','2018-02-08 03:32:06',98),(372,69,'2018-02-08 03:32:06','2018-02-08 03:32:06',98),(373,70,'2018-02-08 03:32:06','2018-02-08 03:32:06',98),(374,72,'2018-02-08 03:32:06','2018-02-08 03:32:06',98),(375,1,'2018-02-08 03:32:06','2018-02-08 03:32:06',99),(376,50,'2018-02-08 03:32:06','2018-02-08 03:32:06',100),(377,51,'2018-02-08 03:32:06','2018-02-08 03:32:06',100),(378,52,'2018-02-08 03:32:06','2018-02-08 03:32:06',100),(379,53,'2018-02-08 03:32:06','2018-02-08 03:32:06',100),(380,55,'2018-02-08 03:32:06','2018-02-08 03:32:06',100),(381,56,'2018-02-08 03:32:06','2018-02-08 03:32:06',100),(382,57,'2018-02-08 03:32:06','2018-02-08 03:32:06',100),(383,58,'2018-02-08 03:32:06','2018-02-08 03:32:06',101),(384,61,'2018-02-08 03:32:06','2018-02-08 03:32:06',101),(385,62,'2018-02-08 03:32:06','2018-02-08 03:32:06',101),(386,63,'2018-02-08 03:32:06','2018-02-08 03:32:06',101),(387,8,'2018-02-08 03:32:06','2018-02-08 03:32:06',102),(388,9,'2018-02-08 03:32:06','2018-02-08 03:32:06',102),(389,12,'2018-02-08 03:32:06','2018-02-08 03:32:06',102),(390,67,'2018-02-08 03:32:06','2018-02-08 03:32:06',104),(391,68,'2018-02-08 03:32:06','2018-02-08 03:32:06',104),(392,69,'2018-02-08 03:32:06','2018-02-08 03:32:06',104),(393,72,'2018-02-08 03:32:06','2018-02-08 03:32:06',104),(394,73,'2018-02-08 03:32:06','2018-02-08 03:32:06',104),(395,65,'2018-02-08 03:32:06','2018-02-08 03:32:06',106),(396,67,'2018-02-08 03:32:06','2018-02-08 03:32:06',106),(397,70,'2018-02-08 03:32:06','2018-02-08 03:32:06',106),(398,71,'2018-02-08 03:32:06','2018-02-08 03:32:06',106),(399,72,'2018-02-08 03:32:06','2018-02-08 03:32:06',106),(400,73,'2018-02-08 03:32:06','2018-02-08 03:32:06',106),(401,49,'2018-02-08 03:32:06','2018-02-08 03:32:06',107),(402,53,'2018-02-08 03:32:06','2018-02-08 03:32:06',107),(403,54,'2018-02-08 03:32:06','2018-02-08 03:32:06',107),(404,55,'2018-02-08 03:32:06','2018-02-08 03:32:06',107),(405,2,'2018-02-08 03:32:06','2018-02-08 03:32:06',108),(406,3,'2018-02-08 03:32:06','2018-02-08 03:32:06',108),(407,40,'2018-02-08 03:32:06','2018-02-08 03:32:06',109),(408,42,'2018-02-08 03:32:06','2018-02-08 03:32:06',109),(409,45,'2018-02-08 03:32:06','2018-02-08 03:32:06',109),(410,48,'2018-02-08 03:32:06','2018-02-08 03:32:06',109),(411,2,'2018-02-08 03:32:07','2018-02-08 03:32:07',110),(412,3,'2018-02-08 03:32:07','2018-02-08 03:32:07',110),(413,59,'2018-02-08 03:32:07','2018-02-08 03:32:07',111),(414,61,'2018-02-08 03:32:07','2018-02-08 03:32:07',111),(415,62,'2018-02-08 03:32:07','2018-02-08 03:32:07',111),(416,64,'2018-02-08 03:32:07','2018-02-08 03:32:07',111),(417,13,'2018-02-08 03:32:07','2018-02-08 03:32:07',112),(418,14,'2018-02-08 03:32:07','2018-02-08 03:32:07',112),(419,17,'2018-02-08 03:32:07','2018-02-08 03:32:07',112),(420,18,'2018-02-08 03:32:07','2018-02-08 03:32:07',112),(421,20,'2018-02-08 03:32:07','2018-02-08 03:32:07',112),(422,21,'2018-02-08 03:32:07','2018-02-08 03:32:07',112),(423,26,'2018-02-08 03:32:07','2018-02-08 03:32:07',112),(424,27,'2018-02-08 03:32:07','2018-02-08 03:32:07',112),(425,28,'2018-02-08 03:32:07','2018-02-08 03:32:07',112),(426,6,'2018-02-08 03:32:07','2018-02-08 03:32:07',114),(427,7,'2018-02-08 03:32:07','2018-02-08 03:32:07',114),(428,8,'2018-02-08 03:32:07','2018-02-08 03:32:07',114),(429,10,'2018-02-08 03:32:07','2018-02-08 03:32:07',114),(430,12,'2018-02-08 03:32:07','2018-02-08 03:32:07',114),(431,9,'2018-02-08 03:32:07','2018-02-08 03:32:07',115),(432,10,'2018-02-08 03:32:07','2018-02-08 03:32:07',115),(433,33,'2018-02-08 03:32:07','2018-02-08 03:32:07',116),(434,36,'2018-02-08 03:32:07','2018-02-08 03:32:07',116),(435,37,'2018-02-08 03:32:07','2018-02-08 03:32:07',116),(436,15,'2018-02-08 03:32:07','2018-02-08 03:32:07',117),(437,17,'2018-02-08 03:32:07','2018-02-08 03:32:07',117),(438,18,'2018-02-08 03:32:07','2018-02-08 03:32:07',117),(439,19,'2018-02-08 03:32:07','2018-02-08 03:32:07',117),(440,20,'2018-02-08 03:32:07','2018-02-08 03:32:07',117),(441,23,'2018-02-08 03:32:07','2018-02-08 03:32:07',117),(442,28,'2018-02-08 03:32:07','2018-02-08 03:32:07',117),(443,29,'2018-02-08 03:32:07','2018-02-08 03:32:07',117),(444,31,'2018-02-08 03:32:07','2018-02-08 03:32:07',118),(445,32,'2018-02-08 03:32:07','2018-02-08 03:32:07',118),(446,33,'2018-02-08 03:32:07','2018-02-08 03:32:07',118),(447,35,'2018-02-08 03:32:07','2018-02-08 03:32:07',118),(448,37,'2018-02-08 03:32:07','2018-02-08 03:32:07',118),(449,39,'2018-02-08 03:32:07','2018-02-08 03:32:07',118),(450,2,'2018-02-08 03:32:07','2018-02-08 03:32:07',119),(451,52,'2018-02-08 03:32:07','2018-02-08 03:32:07',120),(452,57,'2018-02-08 03:32:07','2018-02-08 03:32:07',120),(453,13,'2018-02-08 03:32:07','2018-02-08 03:32:07',121),(454,15,'2018-02-08 03:32:07','2018-02-08 03:32:07',121),(455,20,'2018-02-08 03:32:07','2018-02-08 03:32:07',121),(456,22,'2018-02-08 03:32:07','2018-02-08 03:32:07',121),(457,24,'2018-02-08 03:32:07','2018-02-08 03:32:07',121),(458,28,'2018-02-08 03:32:07','2018-02-08 03:32:07',121),(459,30,'2018-02-08 03:32:07','2018-02-08 03:32:07',121),(460,13,'2018-02-08 03:32:07','2018-02-08 03:32:07',122),(461,15,'2018-02-08 03:32:07','2018-02-08 03:32:07',122),(462,16,'2018-02-08 03:32:07','2018-02-08 03:32:07',122),(463,18,'2018-02-08 03:32:07','2018-02-08 03:32:07',122),(464,20,'2018-02-08 03:32:07','2018-02-08 03:32:07',122),(465,21,'2018-02-08 03:32:07','2018-02-08 03:32:07',122),(466,23,'2018-02-08 03:32:07','2018-02-08 03:32:07',122),(467,24,'2018-02-08 03:32:07','2018-02-08 03:32:07',122),(468,26,'2018-02-08 03:32:07','2018-02-08 03:32:07',122),(469,27,'2018-02-08 03:32:07','2018-02-08 03:32:07',122),(470,29,'2018-02-08 03:32:07','2018-02-08 03:32:07',122),(471,30,'2018-02-08 03:32:07','2018-02-08 03:32:07',122),(472,40,'2018-02-08 03:33:59','2018-02-08 03:33:59',123),(473,41,'2018-02-08 03:33:59','2018-02-08 03:33:59',123),(474,43,'2018-02-08 03:33:59','2018-02-08 03:33:59',123),(475,47,'2018-02-08 03:33:59','2018-02-08 03:33:59',123),(476,48,'2018-02-08 03:33:59','2018-02-08 03:33:59',123),(477,8,'2018-02-08 03:33:59','2018-02-08 03:33:59',124),(478,11,'2018-02-08 03:33:59','2018-02-08 03:33:59',124),(479,65,'2018-02-08 03:33:59','2018-02-08 03:33:59',125),(480,66,'2018-02-08 03:33:59','2018-02-08 03:33:59',125),(481,67,'2018-02-08 03:33:59','2018-02-08 03:33:59',125),(482,69,'2018-02-08 03:33:59','2018-02-08 03:33:59',125),(483,72,'2018-02-08 03:33:59','2018-02-08 03:33:59',125),(484,14,'2018-02-08 03:33:59','2018-02-08 03:33:59',126),(485,16,'2018-02-08 03:33:59','2018-02-08 03:33:59',126),(486,19,'2018-02-08 03:33:59','2018-02-08 03:33:59',126),(487,25,'2018-02-08 03:33:59','2018-02-08 03:33:59',126),(488,26,'2018-02-08 03:33:59','2018-02-08 03:33:59',126),(489,28,'2018-02-08 03:33:59','2018-02-08 03:33:59',126),(490,30,'2018-02-08 03:33:59','2018-02-08 03:33:59',126),(491,13,'2018-02-08 03:33:59','2018-02-08 03:33:59',127),(492,16,'2018-02-08 03:33:59','2018-02-08 03:33:59',127),(493,21,'2018-02-08 03:33:59','2018-02-08 03:33:59',127),(494,22,'2018-02-08 03:33:59','2018-02-08 03:33:59',127),(495,23,'2018-02-08 03:33:59','2018-02-08 03:33:59',127),(496,24,'2018-02-08 03:33:59','2018-02-08 03:33:59',127),(497,25,'2018-02-08 03:33:59','2018-02-08 03:33:59',127),(498,26,'2018-02-08 03:33:59','2018-02-08 03:33:59',127),(499,27,'2018-02-08 03:33:59','2018-02-08 03:33:59',127),(500,58,'2018-02-08 03:33:59','2018-02-08 03:33:59',128),(501,61,'2018-02-08 03:33:59','2018-02-08 03:33:59',128),(502,62,'2018-02-08 03:33:59','2018-02-08 03:33:59',128),(503,31,'2018-02-08 03:33:59','2018-02-08 03:33:59',129),(504,32,'2018-02-08 03:33:59','2018-02-08 03:33:59',129),(505,33,'2018-02-08 03:33:59','2018-02-08 03:33:59',129),(506,37,'2018-02-08 03:33:59','2018-02-08 03:33:59',129),(507,38,'2018-02-08 03:33:59','2018-02-08 03:33:59',129),(508,31,'2018-02-08 03:33:59','2018-02-08 03:33:59',130),(509,32,'2018-02-08 03:33:59','2018-02-08 03:33:59',130),(510,33,'2018-02-08 03:33:59','2018-02-08 03:33:59',130),(511,34,'2018-02-08 03:34:00','2018-02-08 03:34:00',130),(512,35,'2018-02-08 03:34:00','2018-02-08 03:34:00',130),(513,37,'2018-02-08 03:34:00','2018-02-08 03:34:00',130),(514,38,'2018-02-08 03:34:00','2018-02-08 03:34:00',130),(515,50,'2018-02-08 03:34:00','2018-02-08 03:34:00',131),(516,51,'2018-02-08 03:34:00','2018-02-08 03:34:00',131),(517,52,'2018-02-08 03:34:00','2018-02-08 03:34:00',131),(518,53,'2018-02-08 03:34:00','2018-02-08 03:34:00',131),(519,55,'2018-02-08 03:34:00','2018-02-08 03:34:00',131),(520,57,'2018-02-08 03:34:00','2018-02-08 03:34:00',131),(521,4,'2018-02-08 03:34:00','2018-02-08 03:34:00',132),(522,6,'2018-02-08 03:34:00','2018-02-08 03:34:00',132),(523,8,'2018-02-08 03:34:00','2018-02-08 03:34:00',132),(524,9,'2018-02-08 03:34:00','2018-02-08 03:34:00',132),(525,11,'2018-02-08 03:34:00','2018-02-08 03:34:00',132),(526,4,'2018-02-08 03:34:00','2018-02-08 03:34:00',133),(527,5,'2018-02-08 03:34:00','2018-02-08 03:34:00',133),(528,8,'2018-02-08 03:34:00','2018-02-08 03:34:00',133),(529,10,'2018-02-08 03:34:00','2018-02-08 03:34:00',133),(530,12,'2018-02-08 03:34:00','2018-02-08 03:34:00',133),(531,68,'2018-02-08 03:34:00','2018-02-08 03:34:00',134),(532,69,'2018-02-08 03:34:00','2018-02-08 03:34:00',134),(533,50,'2018-02-08 03:34:00','2018-02-08 03:34:00',135),(534,51,'2018-02-08 03:34:00','2018-02-08 03:34:00',135),(535,56,'2018-02-08 03:34:00','2018-02-08 03:34:00',135),(536,65,'2018-02-08 03:34:00','2018-02-08 03:34:00',136),(537,66,'2018-02-08 03:34:00','2018-02-08 03:34:00',136),(538,67,'2018-02-08 03:34:00','2018-02-08 03:34:00',136),(539,69,'2018-02-08 03:34:00','2018-02-08 03:34:00',136),(540,71,'2018-02-08 03:34:00','2018-02-08 03:34:00',136),(541,72,'2018-02-08 03:34:00','2018-02-08 03:34:00',136),(542,73,'2018-02-08 03:34:00','2018-02-08 03:34:00',136),(543,3,'2018-02-08 03:34:00','2018-02-08 03:34:00',138),(544,1,'2018-02-08 03:34:00','2018-02-08 03:34:00',141),(545,2,'2018-02-08 03:34:00','2018-02-08 03:34:00',142),(546,34,'2018-02-08 03:34:00','2018-02-08 03:34:00',143),(547,38,'2018-02-08 03:34:00','2018-02-08 03:34:00',143),(548,49,'2018-02-08 03:34:00','2018-02-08 03:34:00',144),(549,50,'2018-02-08 03:34:00','2018-02-08 03:34:00',144),(550,52,'2018-02-08 03:34:00','2018-02-08 03:34:00',144),(551,53,'2018-02-08 03:34:00','2018-02-08 03:34:00',144),(552,54,'2018-02-08 03:34:00','2018-02-08 03:34:00',144),(553,55,'2018-02-08 03:34:00','2018-02-08 03:34:00',144),(554,57,'2018-02-08 03:34:00','2018-02-08 03:34:00',144),(555,40,'2018-02-08 03:34:00','2018-02-08 03:34:00',145),(556,43,'2018-02-08 03:34:00','2018-02-08 03:34:00',145),(557,44,'2018-02-08 03:34:00','2018-02-08 03:34:00',145),(558,45,'2018-02-08 03:34:00','2018-02-08 03:34:00',145),(559,47,'2018-02-08 03:34:00','2018-02-08 03:34:00',145),(560,14,'2018-02-08 03:34:00','2018-02-08 03:34:00',147),(561,15,'2018-02-08 03:34:00','2018-02-08 03:34:00',147),(562,21,'2018-02-08 03:34:00','2018-02-08 03:34:00',147),(563,23,'2018-02-08 03:34:00','2018-02-08 03:34:00',147),(564,24,'2018-02-08 03:34:00','2018-02-08 03:34:00',147),(565,25,'2018-02-08 03:34:00','2018-02-08 03:34:00',147),(566,26,'2018-02-08 03:34:00','2018-02-08 03:34:00',147),(567,28,'2018-02-08 03:34:00','2018-02-08 03:34:00',147),(568,29,'2018-02-08 03:34:00','2018-02-08 03:34:00',147),(569,30,'2018-02-08 03:34:00','2018-02-08 03:34:00',147),(570,1,'2018-02-08 03:34:00','2018-02-08 03:34:00',148),(571,3,'2018-02-08 03:34:00','2018-02-08 03:34:00',148),(572,40,'2018-02-08 03:34:00','2018-02-08 03:34:00',149),(573,43,'2018-02-08 03:34:00','2018-02-08 03:34:00',149),(574,44,'2018-02-08 03:34:00','2018-02-08 03:34:00',149),(575,62,'2018-02-08 03:34:00','2018-02-08 03:34:00',150),(576,63,'2018-02-08 03:34:00','2018-02-08 03:34:00',150),(577,50,'2018-02-08 03:34:00','2018-02-08 03:34:00',152),(578,51,'2018-02-08 03:34:00','2018-02-08 03:34:00',152),(579,54,'2018-02-08 03:34:00','2018-02-08 03:34:00',152),(580,55,'2018-02-08 03:34:00','2018-02-08 03:34:00',152),(581,56,'2018-02-08 03:34:00','2018-02-08 03:34:00',152),(582,4,'2018-02-08 03:34:00','2018-02-08 03:34:00',153),(583,7,'2018-02-08 03:34:00','2018-02-08 03:34:00',153),(584,9,'2018-02-08 03:34:00','2018-02-08 03:34:00',153),(585,10,'2018-02-08 03:34:00','2018-02-08 03:34:00',153),(586,12,'2018-02-08 03:34:00','2018-02-08 03:34:00',153),(587,4,'2018-02-08 03:34:00','2018-02-08 03:34:00',154),(588,6,'2018-02-08 03:34:00','2018-02-08 03:34:00',154),(589,8,'2018-02-08 03:34:00','2018-02-08 03:34:00',154),(590,10,'2018-02-08 03:34:00','2018-02-08 03:34:00',154),(591,11,'2018-02-08 03:34:00','2018-02-08 03:34:00',154),(592,32,'2018-02-08 03:34:00','2018-02-08 03:34:00',155),(593,34,'2018-02-08 03:34:00','2018-02-08 03:34:00',155),(594,38,'2018-02-08 03:34:00','2018-02-08 03:34:00',155),(595,39,'2018-02-08 03:34:00','2018-02-08 03:34:00',155),(596,4,'2018-02-08 03:34:00','2018-02-08 03:34:00',156),(597,7,'2018-02-08 03:34:00','2018-02-08 03:34:00',156),(598,11,'2018-02-08 03:34:00','2018-02-08 03:34:00',156),(599,49,'2018-02-08 03:34:00','2018-02-08 03:34:00',158),(600,52,'2018-02-08 03:34:00','2018-02-08 03:34:00',158),(601,56,'2018-02-08 03:34:00','2018-02-08 03:34:00',158),(602,40,'2018-02-08 03:34:00','2018-02-08 03:34:00',159),(603,41,'2018-02-08 03:34:00','2018-02-08 03:34:00',159),(604,42,'2018-02-08 03:34:00','2018-02-08 03:34:00',159),(605,44,'2018-02-08 03:34:00','2018-02-08 03:34:00',159),(606,46,'2018-02-08 03:34:00','2018-02-08 03:34:00',159),(607,4,'2018-02-08 03:34:00','2018-02-08 03:34:00',160),(608,6,'2018-02-08 03:34:00','2018-02-08 03:34:00',160),(609,8,'2018-02-08 03:34:00','2018-02-08 03:34:00',160),(610,11,'2018-02-08 03:34:00','2018-02-08 03:34:00',160),(611,12,'2018-02-08 03:34:00','2018-02-08 03:34:00',160),(612,14,'2018-02-08 03:34:00','2018-02-08 03:34:00',161),(613,17,'2018-02-08 03:34:00','2018-02-08 03:34:00',161),(614,19,'2018-02-08 03:34:00','2018-02-08 03:34:00',161),(615,20,'2018-02-08 03:34:00','2018-02-08 03:34:00',161),(616,21,'2018-02-08 03:34:00','2018-02-08 03:34:00',161),(617,23,'2018-02-08 03:34:00','2018-02-08 03:34:00',161),(618,24,'2018-02-08 03:34:00','2018-02-08 03:34:00',161),(619,25,'2018-02-08 03:34:00','2018-02-08 03:34:00',161),(620,27,'2018-02-08 03:34:00','2018-02-08 03:34:00',161),(621,29,'2018-02-08 03:34:00','2018-02-08 03:34:00',161),(622,30,'2018-02-08 03:34:00','2018-02-08 03:34:00',161),(623,66,'2018-02-08 03:34:00','2018-02-08 03:34:00',162),(624,67,'2018-02-08 03:34:00','2018-02-08 03:34:00',162),(625,40,'2018-02-08 03:34:00','2018-02-08 03:34:00',163),(626,68,'2018-02-08 03:34:00','2018-02-08 03:34:00',162),(627,42,'2018-02-08 03:34:00','2018-02-08 03:34:00',163),(628,70,'2018-02-08 03:34:00','2018-02-08 03:34:00',162),(629,46,'2018-02-08 03:34:00','2018-02-08 03:34:00',163),(630,73,'2018-02-08 03:34:00','2018-02-08 03:34:00',162),(631,4,'2018-02-08 03:34:00','2018-02-08 03:34:00',164),(632,6,'2018-02-08 03:34:00','2018-02-08 03:34:00',164),(633,7,'2018-02-08 03:34:00','2018-02-08 03:34:00',164),(634,9,'2018-02-08 03:34:00','2018-02-08 03:34:00',164),(635,10,'2018-02-08 03:34:00','2018-02-08 03:34:00',164),(636,11,'2018-02-08 03:34:00','2018-02-08 03:34:00',164),(637,12,'2018-02-08 03:34:00','2018-02-08 03:34:00',164),(638,65,'2018-02-08 03:34:00','2018-02-08 03:34:00',166),(639,66,'2018-02-08 03:34:00','2018-02-08 03:34:00',166),(640,68,'2018-02-08 03:34:00','2018-02-08 03:34:00',166),(641,69,'2018-02-08 03:34:00','2018-02-08 03:34:00',166),(642,70,'2018-02-08 03:34:00','2018-02-08 03:34:00',166),(643,4,'2018-02-08 03:34:01','2018-02-08 03:34:01',167),(644,5,'2018-02-08 03:34:01','2018-02-08 03:34:01',167),(645,6,'2018-02-08 03:34:01','2018-02-08 03:34:01',167),(646,7,'2018-02-08 03:34:01','2018-02-08 03:34:01',167),(647,9,'2018-02-08 03:34:01','2018-02-08 03:34:01',167),(648,1,'2018-02-08 03:34:01','2018-02-08 03:34:01',168),(649,10,'2018-02-08 03:34:01','2018-02-08 03:34:01',167),(650,11,'2018-02-08 03:34:01','2018-02-08 03:34:01',167),(651,2,'2018-02-08 03:34:01','2018-02-08 03:34:01',168),(652,41,'2018-02-08 03:34:01','2018-02-08 03:34:01',169),(653,42,'2018-02-08 03:34:01','2018-02-08 03:34:01',169),(654,43,'2018-02-08 03:34:01','2018-02-08 03:34:01',169),(655,37,'2018-02-08 03:34:01','2018-02-08 03:34:01',170),(656,46,'2018-02-08 03:34:01','2018-02-08 03:34:01',169),(657,39,'2018-02-08 03:34:01','2018-02-08 03:34:01',170),(658,47,'2018-02-08 03:34:01','2018-02-08 03:34:01',169),(659,48,'2018-02-08 03:34:01','2018-02-08 03:34:01',169),(660,65,'2018-02-08 03:34:01','2018-02-08 03:34:01',171),(661,5,'2018-02-08 03:34:01','2018-02-08 03:34:01',172),(662,68,'2018-02-08 03:34:01','2018-02-08 03:34:01',171),(663,70,'2018-02-08 03:34:01','2018-02-08 03:34:01',171),(664,6,'2018-02-08 03:34:01','2018-02-08 03:34:01',172),(665,72,'2018-02-08 03:34:01','2018-02-08 03:34:01',171),(666,7,'2018-02-08 03:34:01','2018-02-08 03:34:01',172),(667,73,'2018-02-08 03:34:01','2018-02-08 03:34:01',171),(668,11,'2018-02-08 03:34:01','2018-02-08 03:34:01',172),(669,4,'2018-02-08 03:34:01','2018-02-08 03:34:01',173),(670,5,'2018-02-08 03:34:01','2018-02-08 03:34:01',173),(671,10,'2018-02-08 03:34:01','2018-02-08 03:34:01',173),(672,69,'2018-02-08 03:34:01','2018-02-08 03:34:01',174),(673,12,'2018-02-08 03:34:01','2018-02-08 03:34:01',173),(674,70,'2018-02-08 03:34:01','2018-02-08 03:34:01',174),(675,66,'2018-02-08 03:34:01','2018-02-08 03:34:01',175),(676,14,'2018-02-08 03:34:01','2018-02-08 03:34:01',176),(677,68,'2018-02-08 03:34:01','2018-02-08 03:34:01',175),(678,16,'2018-02-08 03:34:01','2018-02-08 03:34:01',176),(679,71,'2018-02-08 03:34:01','2018-02-08 03:34:01',175),(680,20,'2018-02-08 03:34:01','2018-02-08 03:34:01',176),(681,73,'2018-02-08 03:34:01','2018-02-08 03:34:01',175),(682,22,'2018-02-08 03:34:01','2018-02-08 03:34:01',176),(683,23,'2018-02-08 03:34:01','2018-02-08 03:34:01',176),(684,27,'2018-02-08 03:34:01','2018-02-08 03:34:01',176),(685,29,'2018-02-08 03:34:01','2018-02-08 03:34:01',176),(686,4,'2018-02-08 03:34:01','2018-02-08 03:34:01',177),(687,30,'2018-02-08 03:34:01','2018-02-08 03:34:01',176),(688,7,'2018-02-08 03:34:01','2018-02-08 03:34:01',177),(689,10,'2018-02-08 03:34:01','2018-02-08 03:34:01',177),(690,12,'2018-02-08 03:34:01','2018-02-08 03:34:01',177),(691,59,'2018-02-08 03:34:01','2018-02-08 03:34:01',178),(692,66,'2018-02-08 03:34:01','2018-02-08 03:34:01',179),(693,68,'2018-02-08 03:34:01','2018-02-08 03:34:01',179),(694,69,'2018-02-08 03:34:01','2018-02-08 03:34:01',179),(695,71,'2018-02-08 03:34:01','2018-02-08 03:34:01',179),(696,72,'2018-02-08 03:34:01','2018-02-08 03:34:01',179),(697,73,'2018-02-08 03:34:01','2018-02-08 03:34:01',179),(698,40,'2018-02-08 03:34:01','2018-02-08 03:34:01',181),(699,58,'2018-02-08 03:34:01','2018-02-08 03:34:01',182),(700,62,'2018-02-08 03:34:01','2018-02-08 03:34:01',182),(701,43,'2018-02-08 03:34:01','2018-02-08 03:34:01',181),(702,44,'2018-02-08 03:34:01','2018-02-08 03:34:01',181),(703,47,'2018-02-08 03:34:01','2018-02-08 03:34:01',181),(704,40,'2018-02-08 03:34:01','2018-02-08 03:34:01',183),(705,48,'2018-02-08 03:34:01','2018-02-08 03:34:01',181),(706,41,'2018-02-08 03:34:01','2018-02-08 03:34:01',183),(707,47,'2018-02-08 03:34:01','2018-02-08 03:34:01',183),(708,48,'2018-02-08 03:34:01','2018-02-08 03:34:01',183),(709,65,'2018-02-08 03:34:01','2018-02-08 03:34:01',184),(710,71,'2018-02-08 03:34:01','2018-02-08 03:34:01',184),(711,72,'2018-02-08 03:34:01','2018-02-08 03:34:01',184),(712,73,'2018-02-08 03:34:01','2018-02-08 03:34:01',184),(713,1,'2018-02-08 03:34:01','2018-02-08 03:34:01',185),(714,58,'2018-02-08 03:34:01','2018-02-08 03:34:01',186),(715,59,'2018-02-08 03:34:01','2018-02-08 03:34:01',187),(716,59,'2018-02-08 03:34:01','2018-02-08 03:34:01',186),(717,60,'2018-02-08 03:34:01','2018-02-08 03:34:01',187),(718,60,'2018-02-08 03:34:01','2018-02-08 03:34:01',186),(719,64,'2018-02-08 03:34:01','2018-02-08 03:34:01',187),(720,62,'2018-02-08 03:34:01','2018-02-08 03:34:01',186),(721,63,'2018-02-08 03:34:01','2018-02-08 03:34:01',186),(722,2,'2018-02-08 03:34:01','2018-02-08 03:34:01',188),(723,3,'2018-02-08 03:34:01','2018-02-08 03:34:01',188),(724,5,'2018-02-08 03:34:01','2018-02-08 03:34:01',189),(725,6,'2018-02-08 03:34:01','2018-02-08 03:34:01',189),(726,8,'2018-02-08 03:34:01','2018-02-08 03:34:01',189),(727,60,'2018-02-08 03:34:01','2018-02-08 03:34:01',190),(728,10,'2018-02-08 03:34:01','2018-02-08 03:34:01',189),(729,61,'2018-02-08 03:34:01','2018-02-08 03:34:01',190),(730,11,'2018-02-08 03:34:01','2018-02-08 03:34:01',189),(731,64,'2018-02-08 03:34:01','2018-02-08 03:34:01',190),(732,16,'2018-02-08 03:34:01','2018-02-08 03:34:01',191),(733,49,'2018-02-08 03:34:01','2018-02-08 03:34:01',192),(734,17,'2018-02-08 03:34:01','2018-02-08 03:34:01',191),(735,50,'2018-02-08 03:34:01','2018-02-08 03:34:01',192),(736,18,'2018-02-08 03:34:01','2018-02-08 03:34:01',191),(737,57,'2018-02-08 03:34:01','2018-02-08 03:34:01',192),(738,19,'2018-02-08 03:34:01','2018-02-08 03:34:01',191),(739,20,'2018-02-08 03:34:01','2018-02-08 03:34:01',191),(740,21,'2018-02-08 03:34:01','2018-02-08 03:34:01',191),(741,22,'2018-02-08 03:34:01','2018-02-08 03:34:01',191),(742,23,'2018-02-08 03:34:01','2018-02-08 03:34:01',191),(743,24,'2018-02-08 03:34:01','2018-02-08 03:34:01',191),(744,50,'2018-02-08 03:34:01','2018-02-08 03:34:01',193),(745,25,'2018-02-08 03:34:01','2018-02-08 03:34:01',191),(746,52,'2018-02-08 03:34:01','2018-02-08 03:34:01',193),(747,26,'2018-02-08 03:34:01','2018-02-08 03:34:01',191),(748,54,'2018-02-08 03:34:01','2018-02-08 03:34:01',193),(749,27,'2018-02-08 03:34:01','2018-02-08 03:34:01',191),(750,56,'2018-02-08 03:34:01','2018-02-08 03:34:01',193),(751,28,'2018-02-08 03:34:01','2018-02-08 03:34:01',191),(752,58,'2018-02-08 03:34:01','2018-02-08 03:34:01',194),(753,14,'2018-02-08 03:34:01','2018-02-08 03:34:01',195),(754,59,'2018-02-08 03:34:01','2018-02-08 03:34:01',194),(755,15,'2018-02-08 03:34:01','2018-02-08 03:34:01',195),(756,61,'2018-02-08 03:34:01','2018-02-08 03:34:01',194),(757,16,'2018-02-08 03:34:01','2018-02-08 03:34:01',195),(758,17,'2018-02-08 03:34:01','2018-02-08 03:34:01',195),(759,19,'2018-02-08 03:34:01','2018-02-08 03:34:01',195),(760,21,'2018-02-08 03:34:01','2018-02-08 03:34:01',195),(761,22,'2018-02-08 03:34:01','2018-02-08 03:34:01',195),(762,23,'2018-02-08 03:34:01','2018-02-08 03:34:01',195),(763,31,'2018-02-08 03:34:01','2018-02-08 03:34:01',196),(764,24,'2018-02-08 03:34:01','2018-02-08 03:34:01',195),(765,32,'2018-02-08 03:34:01','2018-02-08 03:34:01',196),(766,25,'2018-02-08 03:34:01','2018-02-08 03:34:01',195),(767,36,'2018-02-08 03:34:01','2018-02-08 03:34:01',196),(768,26,'2018-02-08 03:34:01','2018-02-08 03:34:01',195),(769,37,'2018-02-08 03:34:01','2018-02-08 03:34:01',196),(770,28,'2018-02-08 03:34:01','2018-02-08 03:34:01',195),(771,38,'2018-02-08 03:34:01','2018-02-08 03:34:01',196),(772,15,'2018-02-08 03:34:01','2018-02-08 03:34:01',198),(773,16,'2018-02-08 03:34:01','2018-02-08 03:34:01',198),(774,18,'2018-02-08 03:34:01','2018-02-08 03:34:01',198),(775,15,'2018-02-08 03:34:01','2018-02-08 03:34:01',199),(776,19,'2018-02-08 03:34:01','2018-02-08 03:34:01',198),(777,19,'2018-02-08 03:34:01','2018-02-08 03:34:01',199),(778,20,'2018-02-08 03:34:01','2018-02-08 03:34:01',198),(779,21,'2018-02-08 03:34:01','2018-02-08 03:34:01',198),(780,20,'2018-02-08 03:34:01','2018-02-08 03:34:01',199),(781,22,'2018-02-08 03:34:01','2018-02-08 03:34:01',198),(782,23,'2018-02-08 03:34:01','2018-02-08 03:34:01',199),(783,25,'2018-02-08 03:34:01','2018-02-08 03:34:01',198),(784,25,'2018-02-08 03:34:01','2018-02-08 03:34:01',199),(785,29,'2018-02-08 03:34:01','2018-02-08 03:34:01',198),(786,26,'2018-02-08 03:34:01','2018-02-08 03:34:01',199),(787,30,'2018-02-08 03:34:01','2018-02-08 03:34:01',198),(788,27,'2018-02-08 03:34:01','2018-02-08 03:34:01',199),(789,28,'2018-02-08 03:34:01','2018-02-08 03:34:01',199),(790,29,'2018-02-08 03:34:01','2018-02-08 03:34:01',199),(791,30,'2018-02-08 03:34:01','2018-02-08 03:34:01',199),(792,4,'2018-02-08 03:34:01','2018-02-08 03:34:01',200),(793,6,'2018-02-08 03:34:01','2018-02-08 03:34:01',200),(794,7,'2018-02-08 03:34:01','2018-02-08 03:34:01',200),(795,8,'2018-02-08 03:34:01','2018-02-08 03:34:01',200),(796,10,'2018-02-08 03:34:01','2018-02-08 03:34:01',200),(797,11,'2018-02-08 03:34:01','2018-02-08 03:34:01',200),(798,12,'2018-02-08 03:34:01','2018-02-08 03:34:01',200),(799,49,'2018-02-08 03:34:01','2018-02-08 03:34:01',201),(800,51,'2018-02-08 03:34:01','2018-02-08 03:34:01',201),(801,54,'2018-02-08 03:34:01','2018-02-08 03:34:01',201),(802,56,'2018-02-08 03:34:01','2018-02-08 03:34:01',201),(803,57,'2018-02-08 03:34:01','2018-02-08 03:34:01',201),(804,65,'2018-02-08 03:34:01','2018-02-08 03:34:01',202),(805,68,'2018-02-08 03:34:01','2018-02-08 03:34:01',202),(806,70,'2018-02-08 03:34:01','2018-02-08 03:34:01',202),(807,72,'2018-02-08 03:34:01','2018-02-08 03:34:01',202),(808,73,'2018-02-08 03:34:01','2018-02-08 03:34:01',202);
/*!40000 ALTER TABLE `sign_ins` ENABLE KEYS */;
UNLOCK TABLES;

--
-- Table structure for table `specialities`
--

DROP TABLE IF EXISTS `specialities`;
/*!40101 SET @saved_cs_client     = @@character_set_client */;
/*!40101 SET character_set_client = utf8 */;
CREATE TABLE `specialities` (
  `id` int(10) unsigned NOT NULL AUTO_INCREMENT COMMENT '专业id',
  `spe_name` varchar(191) COLLATE utf8mb4_unicode_ci NOT NULL COMMENT '专业名',
  `desc` text COLLATE utf8mb4_unicode_ci COMMENT '介绍',
  `depar_id` int(10) unsigned NOT NULL COMMENT '所属院系id',
  `created_at` timestamp NULL DEFAULT NULL,
  `updated_at` timestamp NULL DEFAULT NULL,
  PRIMARY KEY (`id`),
  KEY `specialities_depar_id_foreign` (`depar_id`),
  CONSTRAINT `specialities_depar_id_foreign` FOREIGN KEY (`depar_id`) REFERENCES `departments` (`id`) ON DELETE CASCADE
) ENGINE=InnoDB AUTO_INCREMENT=10 DEFAULT CHARSET=utf8mb4 COLLATE=utf8mb4_unicode_ci;
/*!40101 SET character_set_client = @saved_cs_client */;

--
-- Dumping data for table `specialities`
--

LOCK TABLES `specialities` WRITE;
/*!40000 ALTER TABLE `specialities` DISABLE KEYS */;
INSERT INTO `specialities` VALUES (6,'信息与管理','测试',1,'2017-12-18 11:28:47','2017-12-18 11:28:47'),(7,'电子商务','电子商务',1,'2017-12-19 05:35:02','2017-12-19 05:35:02'),(8,'计算机科学与技术','123',1,'2017-12-19 08:23:49','2017-12-19 08:23:49'),(9,'审计会计','666',3,'2018-02-04 22:41:50','2018-02-04 22:41:50');
/*!40000 ALTER TABLE `specialities` ENABLE KEYS */;
UNLOCK TABLES;

--
-- Table structure for table `students`
--

DROP TABLE IF EXISTS `students`;
/*!40101 SET @saved_cs_client     = @@character_set_client */;
/*!40101 SET character_set_client = utf8 */;
CREATE TABLE `students` (
  `id` int(10) unsigned NOT NULL AUTO_INCREMENT COMMENT '学生id',
  `class_id` int(10) unsigned NOT NULL COMMENT '所属班id',
  `created_at` timestamp NULL DEFAULT NULL,
  `updated_at` timestamp NULL DEFAULT NULL,
  `user_id` int(10) unsigned NOT NULL COMMENT '关联的用户id',
  `sign_num` int(11) NOT NULL DEFAULT '0' COMMENT '签到次数',
  `att_num` int(11) NOT NULL DEFAULT '0' COMMENT '接受的考勤次数',
  `leave_num` int(11) NOT NULL DEFAULT '0' COMMENT '请假次数',
  PRIMARY KEY (`id`),
  KEY `students_class_id_foreign` (`class_id`),
  KEY `students_user_id_index` (`user_id`),
  CONSTRAINT `students_class_id_foreign` FOREIGN KEY (`class_id`) REFERENCES `classes` (`id`) ON DELETE CASCADE,
  CONSTRAINT `students_user_id_foreign` FOREIGN KEY (`user_id`) REFERENCES `users` (`id`) ON DELETE CASCADE
) ENGINE=InnoDB AUTO_INCREMENT=74 DEFAULT CHARSET=utf8mb4 COLLATE=utf8mb4_unicode_ci;
/*!40101 SET character_set_client = @saved_cs_client */;

--
-- Dumping data for table `students`
--

LOCK TABLES `students` WRITE;
/*!40000 ALTER TABLE `students` DISABLE KEYS */;
INSERT INTO `students` VALUES (1,10,'2017-12-21 11:49:51','2018-01-22 22:22:05',53,1,1,0),(2,10,'2017-12-21 11:49:52','2018-01-22 22:22:05',54,1,1,0),(3,10,'2017-12-21 11:49:52','2017-12-21 11:49:52',55,0,1,0),(4,9,'2018-02-04 22:38:45','2018-02-04 22:38:45',58,0,0,0),(5,9,'2018-02-04 22:38:45','2018-02-04 22:38:45',59,0,0,0),(6,9,'2018-02-04 22:38:45','2018-02-04 22:38:45',60,0,0,0),(7,9,'2018-02-04 22:38:45','2018-02-04 22:38:45',61,0,0,0),(8,9,'2018-02-04 22:38:45','2018-02-04 22:38:45',62,0,0,0),(9,9,'2018-02-04 22:38:45','2018-02-04 22:38:45',63,0,0,0),(10,9,'2018-02-04 22:38:45','2018-02-04 22:38:45',64,0,0,0),(11,9,'2018-02-04 22:38:46','2018-02-04 22:38:46',65,0,0,0),(12,9,'2018-02-04 22:38:46','2018-02-04 22:38:46',66,0,0,0),(13,3,'2018-02-04 22:40:29','2018-02-04 22:40:29',67,0,0,0),(14,3,'2018-02-04 22:40:29','2018-02-04 22:40:29',68,0,0,0),(15,3,'2018-02-04 22:40:29','2018-02-04 22:40:29',69,0,0,0),(16,3,'2018-02-04 22:40:29','2018-02-04 22:40:29',70,0,0,0),(17,3,'2018-02-04 22:40:29','2018-02-04 22:40:29',71,0,0,0),(18,3,'2018-02-04 22:40:29','2018-02-04 22:40:29',72,0,0,0),(19,3,'2018-02-04 22:40:29','2018-02-04 22:40:29',73,0,0,0),(20,3,'2018-02-04 22:40:29','2018-02-04 22:40:29',74,0,0,0),(21,3,'2018-02-04 22:40:30','2018-02-04 22:40:30',75,0,0,0),(22,3,'2018-02-04 22:41:02','2018-02-04 22:41:02',76,0,0,0),(23,3,'2018-02-04 22:41:02','2018-02-04 22:41:02',77,0,0,0),(24,3,'2018-02-04 22:41:03','2018-02-04 22:41:03',78,0,0,0),(25,3,'2018-02-04 22:41:03','2018-02-04 22:41:03',79,0,0,0),(26,3,'2018-02-04 22:41:03','2018-02-04 22:41:03',80,0,0,0),(27,3,'2018-02-04 22:41:03','2018-02-04 22:41:03',81,0,0,0),(28,3,'2018-02-04 22:41:03','2018-02-04 22:41:03',82,0,0,0),(29,3,'2018-02-04 22:41:03','2018-02-04 22:41:03',83,0,0,0),(30,3,'2018-02-04 22:41:03','2018-02-04 22:41:03',84,0,0,0),(31,11,'2018-02-04 22:50:25','2018-02-04 22:50:25',85,0,0,0),(32,11,'2018-02-04 22:50:25','2018-02-04 22:50:25',86,0,0,0),(33,11,'2018-02-04 22:50:25','2018-02-04 22:50:25',87,0,0,0),(34,11,'2018-02-04 22:50:25','2018-02-04 22:50:25',88,0,0,0),(35,11,'2018-02-04 22:50:25','2018-02-04 22:50:25',89,0,0,0),(36,11,'2018-02-04 22:50:25','2018-02-04 22:50:25',90,0,0,0),(37,11,'2018-02-04 22:50:25','2018-02-04 22:50:25',91,0,0,0),(38,11,'2018-02-04 22:50:25','2018-02-04 22:50:25',92,0,0,0),(39,11,'2018-02-04 22:50:25','2018-02-04 22:50:25',93,0,0,0),(40,12,'2018-02-04 22:50:56','2018-02-04 22:50:56',94,0,0,0),(41,12,'2018-02-04 22:50:56','2018-02-04 22:50:56',95,0,0,0),(42,12,'2018-02-04 22:50:56','2018-02-04 22:50:56',96,0,0,0),(43,12,'2018-02-04 22:50:56','2018-02-04 22:50:56',97,0,0,0),(44,12,'2018-02-04 22:50:56','2018-02-04 22:50:56',98,0,0,0),(45,12,'2018-02-04 22:50:56','2018-02-04 22:50:56',99,0,0,0),(46,12,'2018-02-04 22:50:56','2018-02-04 22:50:56',100,0,0,0),(47,12,'2018-02-04 22:50:56','2018-02-04 22:50:56',101,0,0,0),(48,12,'2018-02-04 22:50:56','2018-02-04 22:50:56',102,0,0,0),(49,13,'2018-02-04 22:51:27','2018-02-04 22:51:27',103,0,0,0),(50,13,'2018-02-04 22:51:27','2018-02-04 22:51:27',104,0,0,0),(51,13,'2018-02-04 22:51:27','2018-02-04 22:51:27',105,0,0,0),(52,13,'2018-02-04 22:51:27','2018-02-04 22:51:27',106,0,0,0),(53,13,'2018-02-04 22:51:27','2018-02-04 22:51:27',107,0,0,0),(54,13,'2018-02-04 22:51:27','2018-02-04 22:51:27',108,0,0,0),(55,13,'2018-02-04 22:51:27','2018-02-04 22:51:27',109,0,0,0),(56,13,'2018-02-04 22:51:28','2018-02-04 22:51:28',110,0,0,0),(57,13,'2018-02-04 22:51:28','2018-02-04 22:51:28',111,0,0,0),(58,14,'2018-02-08 03:25:25','2018-02-08 03:25:25',116,0,0,0),(59,14,'2018-02-08 03:25:25','2018-02-08 03:25:25',117,0,0,0),(60,14,'2018-02-08 03:25:25','2018-02-08 03:25:25',118,0,0,0),(61,14,'2018-02-08 03:25:25','2018-02-08 03:25:25',119,0,0,0),(62,14,'2018-02-08 03:25:25','2018-02-08 03:25:25',120,0,0,0),(63,14,'2018-02-08 03:25:25','2018-02-08 03:25:25',121,0,0,0),(64,14,'2018-02-08 03:25:25','2018-02-08 03:25:25',122,0,0,0),(65,16,'2018-02-08 03:26:40','2018-02-08 03:26:40',123,0,0,0),(66,16,'2018-02-08 03:26:40','2018-02-08 03:26:40',124,0,0,0),(67,16,'2018-02-08 03:26:40','2018-02-08 03:26:40',125,0,0,0),(68,16,'2018-02-08 03:26:40','2018-02-08 03:26:40',126,0,0,0),(69,16,'2018-02-08 03:26:40','2018-02-08 03:26:40',127,0,0,0),(70,16,'2018-02-08 03:26:40','2018-02-08 03:26:40',128,0,0,0),(71,16,'2018-02-08 03:26:40','2018-02-08 03:26:40',129,0,0,0),(72,16,'2018-02-08 03:26:40','2018-02-08 03:26:40',130,0,0,0),(73,16,'2018-02-08 03:26:40','2018-02-08 03:26:40',131,0,0,0);
/*!40000 ALTER TABLE `students` ENABLE KEYS */;
UNLOCK TABLES;

--
-- Table structure for table `teachers`
--

DROP TABLE IF EXISTS `teachers`;
/*!40101 SET @saved_cs_client     = @@character_set_client */;
/*!40101 SET character_set_client = utf8 */;
CREATE TABLE `teachers` (
  `id` int(10) unsigned NOT NULL AUTO_INCREMENT,
  `spe_id` int(10) unsigned NOT NULL COMMENT '关联专业id',
  `user_id` int(10) unsigned NOT NULL COMMENT '关联的用户id',
  `created_at` timestamp NULL DEFAULT NULL,
  `updated_at` timestamp NULL DEFAULT NULL,
  PRIMARY KEY (`id`),
  KEY `teachers_spe_id_index` (`spe_id`),
  KEY `teachers_user_id_index` (`user_id`),
  CONSTRAINT `teachers_spe_id_foreign` FOREIGN KEY (`spe_id`) REFERENCES `specialities` (`id`) ON DELETE CASCADE,
  CONSTRAINT `teachers_user_id_foreign` FOREIGN KEY (`user_id`) REFERENCES `users` (`id`) ON DELETE CASCADE
) ENGINE=InnoDB AUTO_INCREMENT=3 DEFAULT CHARSET=utf8mb4 COLLATE=utf8mb4_unicode_ci;
/*!40101 SET character_set_client = @saved_cs_client */;

--
-- Dumping data for table `teachers`
--

LOCK TABLES `teachers` WRITE;
/*!40000 ALTER TABLE `teachers` DISABLE KEYS */;
INSERT INTO `teachers` VALUES (1,6,56,'2017-12-21 15:49:32','2017-12-21 15:49:32'),(2,6,57,'2017-12-21 15:49:32','2017-12-21 15:49:32');
/*!40000 ALTER TABLE `teachers` ENABLE KEYS */;
UNLOCK TABLES;

--
-- Table structure for table `users`
--

DROP TABLE IF EXISTS `users`;
/*!40101 SET @saved_cs_client     = @@character_set_client */;
/*!40101 SET character_set_client = utf8 */;
CREATE TABLE `users` (
  `id` int(10) unsigned NOT NULL AUTO_INCREMENT,
  `name` varchar(191) COLLATE utf8mb4_unicode_ci NOT NULL,
  `email` varchar(191) COLLATE utf8mb4_unicode_ci NOT NULL,
  `password` varchar(191) COLLATE utf8mb4_unicode_ci NOT NULL,
  `remember_token` varchar(100) COLLATE utf8mb4_unicode_ci DEFAULT NULL,
  `created_at` timestamp NULL DEFAULT NULL,
  `updated_at` timestamp NULL DEFAULT NULL,
  PRIMARY KEY (`id`),
  UNIQUE KEY `users_email_unique` (`email`)
) ENGINE=InnoDB AUTO_INCREMENT=132 DEFAULT CHARSET=utf8mb4 COLLATE=utf8mb4_unicode_ci;
/*!40101 SET character_set_client = @saved_cs_client */;

--
-- Dumping data for table `users`
--

LOCK TABLES `users` WRITE;
/*!40000 ALTER TABLE `users` DISABLE KEYS */;
INSERT INTO `users` VALUES (1,'Miss Myrtie Barton','lotiger@lotiger.cn','$2y$10$aH9ebmLFmJcGnKtnxT7jg.TLufE3DprkiCRt.E5AeXkbIwIzTEmn.','JwV3GpAYVWKsWl6FJpdCVssxleMKzDivOLftTEVNK10GPhgyYHxl5OBmtdDj','2017-11-26 05:40:38','2017-11-26 05:40:38'),(53,'小李','123123','$2y$10$TzIqtGzIpBmmRCSa7.GWSegzAvk9/7SI7XlpwnxbgLZJnlRx03eAS',NULL,'2017-12-21 11:49:51','2017-12-21 11:49:51'),(54,'小明','123124','$2y$10$qdtjXcrq8aCGQvXDSIoWrunxxpHnmTrh7SlR9iSZfxPaMW4zgSuBy',NULL,'2017-12-21 11:49:52','2017-12-21 11:49:52'),(55,'小花','123125','$2y$10$pRWjXldoR4yczCaQDzmbh.Y9qget79R9L1mubMR.0eMroug9hAs9y',NULL,'2017-12-21 11:49:52','2017-12-21 11:49:52'),(56,'李老师','111000','$2y$10$hKoSWchqQlZfmVGAtu2Tceg7YoGiYzvvfwo6K/HYvwJ.4HiJexqBe',NULL,'2017-12-21 15:49:32','2017-12-21 15:49:32'),(57,'王老师','111001','$2y$10$RaSwRRw53ELtv2nbX6n1JecXVYpfoEIEbS3.D5fSWMcIkSkQg8HEa',NULL,'2017-12-21 15:49:32','2017-12-21 15:49:32'),(58,'小李','123210','$2y$10$it4zNhONHSQhFZOEZyHa..C8fdMdDdCDb3O1txIKSvxu3Oss.rOxi',NULL,'2018-02-04 22:38:45','2018-02-04 22:38:45'),(59,'小明','123211','$2y$10$sXvv14ZF7y6Jsx2yW6Cis.fMIeZwJk6fD8OillafMAx2W8bX5hd.S',NULL,'2018-02-04 22:38:45','2018-02-04 22:38:45'),(60,'小花','123212','$2y$10$IPXEEmz9p.sfLa52Enft3ORA5f43J/3MWk7jzGh/ICIPT4mmgLwp6',NULL,'2018-02-04 22:38:45','2018-02-04 22:38:45'),(61,'小华','123213','$2y$10$npLwiFhCYYqG2t/cxFQBqOhr6vcLQU7PHyW8RaCK8DXkihLYweOLy',NULL,'2018-02-04 22:38:45','2018-02-04 22:38:45'),(62,'小李','123214','$2y$10$2AXXiPem4vF5yPg8nTKSL.aNcZQZRathB1mcI64aj7OgALcDCyG.2',NULL,'2018-02-04 22:38:45','2018-02-04 22:38:45'),(63,'小菜','123215','$2y$10$5NMPKg.5uEgM8L4Nf4leieB/tT9tP1kN1Uo1KiaLkwGlL1EWByi3y',NULL,'2018-02-04 22:38:45','2018-02-04 22:38:45'),(64,'小朱','123216','$2y$10$TZM6y3VJCAoITaOat4/1w.8SkkL2khaVaJABKYlPZmf9orICQudg2',NULL,'2018-02-04 22:38:45','2018-02-04 22:38:45'),(65,'小林','123217','$2y$10$kG4cijgOvm39u1WaDXf75u9s83A.kHO1w.6RK.TRTSWitM/axuMPS',NULL,'2018-02-04 22:38:46','2018-02-04 22:38:46'),(66,'小王','123218','$2y$10$3Sd7RyVxEUSX1uv0z92cqOfm/Lwhg44PsNKB2XW4uSCsZXOFPSFYO',NULL,'2018-02-04 22:38:46','2018-02-04 22:38:46'),(67,'小李','123220','$2y$10$s.l1cVJ958OpXOWvZP74XuAXO7I4KSPK9xtQfEHufSFDbbXhlRyoa',NULL,'2018-02-04 22:40:29','2018-02-04 22:40:29'),(68,'小明','123221','$2y$10$BcwPuR9MIwZP1LljaOxO6udPM3beVV3aU2bXCjKXzXV5PnMvLh.oi',NULL,'2018-02-04 22:40:29','2018-02-04 22:40:29'),(69,'小花','123222','$2y$10$y/zFW7xCrRRjsSYfy98rbevhq9xeaHfAZfnjiKm8mnX2S4wzI1E9.',NULL,'2018-02-04 22:40:29','2018-02-04 22:40:29'),(70,'小华','123223','$2y$10$R9fw4yWP2edWZOdtwG64g.GEPAtMEIQ4/m2DHgwCrx234kbRWyDw2',NULL,'2018-02-04 22:40:29','2018-02-04 22:40:29'),(71,'小李','123224','$2y$10$WES4bL6PhvzUWN24BmJGDeLCSS9nSISoD3oHMfB6FNNEYe.JLa4r2',NULL,'2018-02-04 22:40:29','2018-02-04 22:40:29'),(72,'小菜','123225','$2y$10$i7yb2PChSIXEQO0wz5hmHe.PWx6ZIoVV8YEShxUZPCQwLz5RRN7Mm',NULL,'2018-02-04 22:40:29','2018-02-04 22:40:29'),(73,'小朱','123226','$2y$10$Eyg5FdbVxltF.Yj5D6ZkoOt3TzdRt80BL/KUMp8sE6UbJt0NVzs6C',NULL,'2018-02-04 22:40:29','2018-02-04 22:40:29'),(74,'小林','123227','$2y$10$bj85eXKGw60lKA0aw/S7oOBGiyYU.oFoA3ADCTarEp6j7atoB42Te',NULL,'2018-02-04 22:40:29','2018-02-04 22:40:29'),(75,'小王','123228','$2y$10$2MqXbLRrzFpHUQ2JuMyltO9orW05WkrNebqcKRHZ37ncFM9rWbwhy',NULL,'2018-02-04 22:40:30','2018-02-04 22:40:30'),(76,'小李','123230','$2y$10$YYCeSWZ0eEEvLVHmxj/TsOyhRU7bIO46qCUvTFI/58mGJEbGrX2na',NULL,'2018-02-04 22:41:02','2018-02-04 22:41:02'),(77,'小明','123231','$2y$10$8GxxtywnuD.5ogAk5Y.Sk.7QR/XQeaaGjYQ4m0zNtsgu1wiPq6RMq',NULL,'2018-02-04 22:41:02','2018-02-04 22:41:02'),(78,'小花','123232','$2y$10$dIXDItNe5u8TOSG4IxndxuVJCODF/O8xDVWxr13GBvfukUvuVUxxC',NULL,'2018-02-04 22:41:03','2018-02-04 22:41:03'),(79,'小华','123233','$2y$10$tPjYNLlJUxciz1.jmeWulOE2GUmYhE.9Cn4WLNtOpLz4JqKHrdM/y',NULL,'2018-02-04 22:41:03','2018-02-04 22:41:03'),(80,'小李','123234','$2y$10$XbmAGu8sd1oHRiLE9jY5hu5yzAsl3RKV1huJYFy1s5z9Mo4ehOexi',NULL,'2018-02-04 22:41:03','2018-02-04 22:41:03'),(81,'小菜','123235','$2y$10$uGZhVPjxAM4y3FUp0SBsh.jdcxHrD9OT.HSJKegCUDlCf94Xa8FMa',NULL,'2018-02-04 22:41:03','2018-02-04 22:41:03'),(82,'小朱','123236','$2y$10$yXXOCYC1J0jvv3VG7kTvdOh1qHhmmYj06m3e7r5EQkoCjHdzGeO1i',NULL,'2018-02-04 22:41:03','2018-02-04 22:41:03'),(83,'小林','123237','$2y$10$u2VJd8oYJngCPmBRbifW/.k5BV9eTxTCcRMlkN4j8OTMR7WARevXi',NULL,'2018-02-04 22:41:03','2018-02-04 22:41:03'),(84,'小王','123238','$2y$10$Ses3n3.SIqMn/HfIOuBI.OYevgBa8MqQFfWnVobnVY6BJNQzw0Pnq',NULL,'2018-02-04 22:41:03','2018-02-04 22:41:03'),(85,'小李','123240','$2y$10$IvIUjs9pqf6IlKPMk3HTB.ftB712EPOqYSAFkXI79KpJlB4iwebYW',NULL,'2018-02-04 22:50:25','2018-02-04 22:50:25'),(86,'小明','123241','$2y$10$m2caBe7GC96e12rfGzxhKe4EsAJG2j7ePwa99uGFR6mNksG0MZeEO',NULL,'2018-02-04 22:50:25','2018-02-04 22:50:25'),(87,'小花','123242','$2y$10$/lPDn0qMZzD3wKrTP8SDcOJKiZPIe4yxRY7MELay9mVaILrJE9z8y',NULL,'2018-02-04 22:50:25','2018-02-04 22:50:25'),(88,'小华','123243','$2y$10$dKQR.8q2dJoVE9sPgb6A6OAAuFNTgk2MBMqAi6/WQxJ.Z7YYBA0PW',NULL,'2018-02-04 22:50:25','2018-02-04 22:50:25'),(89,'小李','123244','$2y$10$3LRLOw8HkF9c8LbxTA4BX.qM5x60hydC8hebhsiOgmVwVBD9bT3N2',NULL,'2018-02-04 22:50:25','2018-02-04 22:50:25'),(90,'小菜','123245','$2y$10$1V8r.ODqgsrdtujkMFLjO.um8wK2K6TZb6FmCSHiU1qIzZa6O9KRu',NULL,'2018-02-04 22:50:25','2018-02-04 22:50:25'),(91,'小朱','123246','$2y$10$SObIjel2gU20W1YuyEHWYeirMg5CZh1/GkJipbopZFtIUsbxDHMOG',NULL,'2018-02-04 22:50:25','2018-02-04 22:50:25'),(92,'小林','123247','$2y$10$ZaD9yyqWkcac6bD30JexxuDMzKc4WMZoBtOdl3rkBEXSgzHMmrNH2',NULL,'2018-02-04 22:50:25','2018-02-04 22:50:25'),(93,'小王','123248','$2y$10$sNGJ7OPkO..Fox.ciWOlKeyRZFJIRUhgMtth7rYogcTelbVVsWvUW',NULL,'2018-02-04 22:50:25','2018-02-04 22:50:25'),(94,'小李','123250','$2y$10$z/DLh3CitmL8RVAZhvbj8uSO46dLEIRwwBnSrY8./vzr2St9Qiew2',NULL,'2018-02-04 22:50:56','2018-02-04 22:50:56'),(95,'小明','123251','$2y$10$4s1IRGGeTt7kWjJj5HsXLOckDuzAspkQbE5Xc6lDrggPGEjF.RHky',NULL,'2018-02-04 22:50:56','2018-02-04 22:50:56'),(96,'小花','123252','$2y$10$qQQteC9xi2Nw4FZae7i2COreXJmkdAlnxtMx39maVsFYwOqu0bbKS',NULL,'2018-02-04 22:50:56','2018-02-04 22:50:56'),(97,'小华','123253','$2y$10$nHJC185KW80HMX1d.toF4OPVqOQBNTUNLDzf/8BBOOw/SP5GrH4mi',NULL,'2018-02-04 22:50:56','2018-02-04 22:50:56'),(98,'小李','123254','$2y$10$reALsj/91BAryf1a.8HEZ.IOg9SNAP3bbWEFs6cLlG5u9ZHLWfPFC',NULL,'2018-02-04 22:50:56','2018-02-04 22:50:56'),(99,'小菜','123255','$2y$10$b73fXMjwnlc.iiYpdzwtXepDdo1fJ5.3UJy8yrrdj4.ricaMpM/9i',NULL,'2018-02-04 22:50:56','2018-02-04 22:50:56'),(100,'小朱','123256','$2y$10$RQxxqcqVb1wn7SCf6xYeUuRFmb/hYLaZFOR4nvovzKlP6hO.rkHQS',NULL,'2018-02-04 22:50:56','2018-02-04 22:50:56'),(101,'小林','123257','$2y$10$L63QpfPhXx/EPvB5UL7tCeGzeVki0QuNj2kbf4mxp1fNp3CN2tpp2',NULL,'2018-02-04 22:50:56','2018-02-04 22:50:56'),(102,'小王','123258','$2y$10$Vz065wq8GC4tJgXJdUkTqe4tanfrr0FmyVVboq4rCr7yPAbIZ4QgG',NULL,'2018-02-04 22:50:56','2018-02-04 22:50:56'),(103,'小李','123260','$2y$10$8QoSl52wDBj/LVAdqZ1eN.QJR9yadmuEOd96e0uWyHzm6Ye6ojD6O',NULL,'2018-02-04 22:51:27','2018-02-04 22:51:27'),(104,'小明','123261','$2y$10$nVvu8gFFe/V4/s..zYwdmuURhxjSTCMO2j/ettYjb4v0Rzs3roP7u',NULL,'2018-02-04 22:51:27','2018-02-04 22:51:27'),(105,'小花','123262','$2y$10$2TzqnQDO2gIVNNmhre0pNOG1Tfyz2xzDIbIrowZzOaF4o5gEBvAx2',NULL,'2018-02-04 22:51:27','2018-02-04 22:51:27'),(106,'小华','123263','$2y$10$55/u4NftlnV0Up26rDPUNuxVDWKfpzybG.Ow7acPSaHkjcT6IKI.i',NULL,'2018-02-04 22:51:27','2018-02-04 22:51:27'),(107,'小李','123264','$2y$10$2xWQ/EFjxTKesSdc39bYCOrdNvRX1exweza7JYaUk6O4xsJRCW5fO',NULL,'2018-02-04 22:51:27','2018-02-04 22:51:27'),(108,'小菜','123265','$2y$10$ZXOjGUagB9ILbgROgnq5.e7c3EZiaqmCUlDkdQw8GQzszt2F9YoUG',NULL,'2018-02-04 22:51:27','2018-02-04 22:51:27'),(109,'小朱','123266','$2y$10$RhL7PRFlYC1paYOmBBUCre6aIOoDsO51m3Nvdxfol4gCzljIFTswW',NULL,'2018-02-04 22:51:27','2018-02-04 22:51:27'),(110,'小林','123267','$2y$10$7nExstnJ9HN5SUw63xBvI.1C9g93XDzbpCfzHnhp3e9I/BA.DGEnu',NULL,'2018-02-04 22:51:28','2018-02-04 22:51:28'),(111,'小王','123268','$2y$10$BVSFKLgp21bK/KNbGXFDguszBDW0SkZag6TmtIZ.O3BOiRdndkiMO',NULL,'2018-02-04 22:51:28','2018-02-04 22:51:28'),(112,'小李','123270','$2y$10$YMHIVIxfDQx1iZMLys9hee8e9QgEuRbKFrfrezyNmID8I3/aXEey.',NULL,'2018-02-08 03:16:01','2018-02-08 03:16:01'),(113,'小明','123271','$2y$10$j1EchGcA8ZjmSCftuCZfn.MlPhOWRF7oEoowwshU2mJtXJSUrsM.a',NULL,'2018-02-08 03:17:00','2018-02-08 03:17:00'),(114,'小李','123280','$2y$10$06Sdym7k1FUbpn5ZHBTnzu.MDrMqKNClpJ2LNwL7EHJMcA34.DnrG',NULL,'2018-02-08 03:19:45','2018-02-08 03:19:45'),(115,'小明','123281','$2y$10$DNhRxJtUtIFtIic.yU9uE.FGHDum.mFMpkYybY8WPZnfyzacFui26',NULL,'2018-02-08 03:22:01','2018-02-08 03:22:01'),(116,'小花','123282','$2y$10$pECNL9JrY//bWKbZarFobuRO2fLOPmM97jDWR7Wb4qX.PgqB3ELMy',NULL,'2018-02-08 03:25:25','2018-02-08 03:25:25'),(117,'小华','123283','$2y$10$7pjiDF1y.QT4MIGFu42jnensYFzVJYXXhLPrLMnzJp.1Mqv/h7aFq',NULL,'2018-02-08 03:25:25','2018-02-08 03:25:25'),(118,'小李','123284','$2y$10$16hsT6JtrC3urfKhQLdKWumnTEQQd/Zofxocj9HN0X.tMLbY5fpb2',NULL,'2018-02-08 03:25:25','2018-02-08 03:25:25'),(119,'小菜','123285','$2y$10$owyDUA8VYNSEEAMEH0l.bOhIn5bGKeMnQi8YnwQSyefhqJn.4T.M.',NULL,'2018-02-08 03:25:25','2018-02-08 03:25:25'),(120,'小朱','123286','$2y$10$8TBSwHq5j54JDdETyg2.Tu29GkUFj9t7jq0Q0ZHalS5BPkwNyNxJ.',NULL,'2018-02-08 03:25:25','2018-02-08 03:25:25'),(121,'小林','123287','$2y$10$sW2ylymy95ws6h9jp.MWzeg35gnW.5AbSfZRfo8.Ny2j7dmggrnMq',NULL,'2018-02-08 03:25:25','2018-02-08 03:25:25'),(122,'小王','123288','$2y$10$IphFVJfJfMdvBEsHcbMDou3yPdURwn/xl7EquJEz4zA40mSL516YW',NULL,'2018-02-08 03:25:25','2018-02-08 03:25:25'),(123,'小李','123290','$2y$10$2RT4VxxMog.z54sqdWdc0e.qNuXgc4DNNQDbx1HG.Z7/RmlPvdd5S',NULL,'2018-02-08 03:26:40','2018-02-08 03:26:40'),(124,'小明','123291','$2y$10$uxIXgpCWHj/MbIdi15dg9u4gjoFEM4V84lZk592q3SG7vOCPecXMG',NULL,'2018-02-08 03:26:40','2018-02-08 03:26:40'),(125,'小花','123292','$2y$10$77F8.zx9YjcWdniWIAN8Eelf1DERdG10vcxWtT6GC7VFbboqqGlHu',NULL,'2018-02-08 03:26:40','2018-02-08 03:26:40'),(126,'小华','123293','$2y$10$ww/jWEAtEp9sU7HHbFODN.HQ5lBmeRqoIcVhYv8HobuxtrMhzQc5i',NULL,'2018-02-08 03:26:40','2018-02-08 03:26:40'),(127,'小李','123294','$2y$10$tZSRSCUQDmrkkuJ39rqCHuuwlZkpauRU7JlpV5EtvWILnQkyntl4e',NULL,'2018-02-08 03:26:40','2018-02-08 03:26:40'),(128,'小菜','123295','$2y$10$QV7qC6yn9sseaZx2xyA6jeIrl9TSDaDZdFiZ8Y/NkLxEOGBLqi8.O',NULL,'2018-02-08 03:26:40','2018-02-08 03:26:40'),(129,'小朱','123296','$2y$10$P0uZ3K7qFyeN2ebZUvwj1.hFYOQ9SncUGuqWI0W/ibJn9eWf4EDcW',NULL,'2018-02-08 03:26:40','2018-02-08 03:26:40'),(130,'小林','123297','$2y$10$.FPyJF/527ietTMk2qojr.gohNxRq87qCwvG0KOIB0FElmhd6o5My',NULL,'2018-02-08 03:26:40','2018-02-08 03:26:40'),(131,'小王','123298','$2y$10$7iLMV0xwNLHem7EMn7JHreyI3oP56sHhkP/442pAQEgycbzRI9/QW',NULL,'2018-02-08 03:26:40','2018-02-08 03:26:40');
/*!40000 ALTER TABLE `users` ENABLE KEYS */;
UNLOCK TABLES;

--
-- Dumping routines for database 'attendance'
--
/*!40103 SET TIME_ZONE=@OLD_TIME_ZONE */;

/*!40101 SET SQL_MODE=@OLD_SQL_MODE */;
/*!40014 SET FOREIGN_KEY_CHECKS=@OLD_FOREIGN_KEY_CHECKS */;
/*!40014 SET UNIQUE_CHECKS=@OLD_UNIQUE_CHECKS */;
/*!40101 SET CHARACTER_SET_CLIENT=@OLD_CHARACTER_SET_CLIENT */;
/*!40101 SET CHARACTER_SET_RESULTS=@OLD_CHARACTER_SET_RESULTS */;
/*!40101 SET COLLATION_CONNECTION=@OLD_COLLATION_CONNECTION */;
/*!40111 SET SQL_NOTES=@OLD_SQL_NOTES */;

-- Dump completed on 2018-02-13 21:28:00
