-- MySQL dump 10.13  Distrib 5.7.21, for Linux (x86_64)
--
-- Host: 59.110.243.225    Database: attendance
-- ------------------------------------------------------
-- Server version	5.7.20-0ubuntu0.16.04.1

/*!40101 SET @OLD_CHARACTER_SET_CLIENT=@@CHARACTER_SET_CLIENT */;
/*!40101 SET @OLD_CHARACTER_SET_RESULTS=@@CHARACTER_SET_RESULTS */;
/*!40101 SET @OLD_COLLATION_CONNECTION=@@COLLATION_CONNECTION */;
/*!40101 SET NAMES utf8 */;
/*!40103 SET @OLD_TIME_ZONE=@@TIME_ZONE */;
/*!40103 SET TIME_ZONE='+00:00' */;
/*!40014 SET @OLD_UNIQUE_CHECKS=@@UNIQUE_CHECKS, UNIQUE_CHECKS=0 */;
/*!40014 SET @OLD_FOREIGN_KEY_CHECKS=@@FOREIGN_KEY_CHECKS, FOREIGN_KEY_CHECKS=0 */;
/*!40101 SET @OLD_SQL_MODE=@@SQL_MODE, SQL_MODE='NO_AUTO_VALUE_ON_ZERO' */;
/*!40111 SET @OLD_SQL_NOTES=@@SQL_NOTES, SQL_NOTES=0 */;

--
-- Table structure for table `attendances`
--

DROP TABLE IF EXISTS `attendances`;
/*!40101 SET @saved_cs_client     = @@character_set_client */;
/*!40101 SET character_set_client = utf8 */;
CREATE TABLE `attendances` (
  `id` int(10) unsigned NOT NULL AUTO_INCREMENT COMMENT '签到事件id',
  `att_token` varchar(191) COLLATE utf8mb4_unicode_ci NOT NULL COMMENT '签到事件唯一码',
  `should` int(11) NOT NULL COMMENT '签到事件应到人数',
  `real` int(11) NOT NULL DEFAULT '0' COMMENT '签到事件实到人数',
  `class_id` int(10) unsigned NOT NULL COMMENT '签到班级id',
  `creator_id` int(10) unsigned NOT NULL COMMENT '签到事件发起者id',
  `created_at` timestamp NULL DEFAULT NULL,
  `updated_at` timestamp NULL DEFAULT NULL,
  `status` int(11) NOT NULL DEFAULT '1',
  PRIMARY KEY (`id`),
  KEY `attendances_class_id_foreign` (`class_id`),
  KEY `attendances_creator_id_foreign` (`creator_id`),
  CONSTRAINT `attendances_class_id_foreign` FOREIGN KEY (`class_id`) REFERENCES `classes` (`id`) ON DELETE CASCADE,
  CONSTRAINT `attendances_creator_id_foreign` FOREIGN KEY (`creator_id`) REFERENCES `users` (`id`) ON DELETE CASCADE
) ENGINE=InnoDB AUTO_INCREMENT=248 DEFAULT CHARSET=utf8mb4 COLLATE=utf8mb4_unicode_ci;
/*!40101 SET character_set_client = @saved_cs_client */;

--
-- Dumping data for table `attendances`
--

LOCK TABLES `attendances` WRITE;
/*!40000 ALTER TABLE `attendances` DISABLE KEYS */;
INSERT INTO `attendances` VALUES (243,'c8b889e58bdb00fb393c08062f194b52',12,0,10,56,'2018-02-22 04:40:36','2018-02-22 04:40:41',0);
/*!40000 ALTER TABLE `attendances` ENABLE KEYS */;
UNLOCK TABLES;

--
-- Table structure for table `builds`
--

DROP TABLE IF EXISTS `builds`;
/*!40101 SET @saved_cs_client     = @@character_set_client */;
/*!40101 SET character_set_client = utf8 */;
CREATE TABLE `builds` (
  `id` int(10) unsigned NOT NULL AUTO_INCREMENT,
  `build_name` varchar(191) COLLATE utf8mb4_unicode_ci NOT NULL,
  `created_at` timestamp NULL DEFAULT NULL,
  `updated_at` timestamp NULL DEFAULT NULL,
  PRIMARY KEY (`id`)
) ENGINE=InnoDB AUTO_INCREMENT=17 DEFAULT CHARSET=utf8mb4 COLLATE=utf8mb4_unicode_ci;
/*!40101 SET character_set_client = @saved_cs_client */;

--
-- Dumping data for table `builds`
--

LOCK TABLES `builds` WRITE;
/*!40000 ALTER TABLE `builds` DISABLE KEYS */;
INSERT INTO `builds` VALUES (8,'励志楼A','2017-12-23 07:46:44','2017-12-23 07:46:44'),(9,'励志楼B','2017-12-24 16:56:31','2017-12-24 16:56:31'),(10,'励志楼C','2017-12-24 16:56:40','2017-12-24 16:56:40'),(11,'励志楼D','2017-12-24 16:56:52','2017-12-24 16:56:52'),(13,'厚德楼A','2017-12-24 16:58:16','2017-12-24 16:58:16'),(14,'厚德楼B','2017-12-24 16:58:28','2017-12-24 16:58:28'),(15,'厚德楼C','2017-12-24 16:58:39','2017-12-24 16:58:39'),(16,'启智楼','2017-12-24 17:00:03','2017-12-24 17:00:03');
/*!40000 ALTER TABLE `builds` ENABLE KEYS */;
UNLOCK TABLES;

--
-- Table structure for table `classes`
--

DROP TABLE IF EXISTS `classes`;
/*!40101 SET @saved_cs_client     = @@character_set_client */;
/*!40101 SET character_set_client = utf8 */;
CREATE TABLE `classes` (
  `id` int(10) unsigned NOT NULL AUTO_INCREMENT COMMENT '班级id',
  `grade` int(11) NOT NULL COMMENT '年级',
  `desc` text COLLATE utf8mb4_unicode_ci COMMENT '介绍',
  `spe_id` int(10) unsigned NOT NULL COMMENT '所属系id',
  `created_at` timestamp NULL DEFAULT NULL,
  `updated_at` timestamp NULL DEFAULT NULL,
  `class_num` int(11) NOT NULL COMMENT '班别',
  `stu_num` int(11) NOT NULL DEFAULT '0' COMMENT '班级学生人数',
  `counselor_id` int(10) unsigned NOT NULL DEFAULT '1',
  PRIMARY KEY (`id`),
  KEY `classes_spe_id_foreign` (`spe_id`),
  KEY `classes_counselor_id_index` (`counselor_id`),
  CONSTRAINT `classes_counselor_id_foreign` FOREIGN KEY (`counselor_id`) REFERENCES `counselors` (`id`),
  CONSTRAINT `classes_spe_id_foreign` FOREIGN KEY (`spe_id`) REFERENCES `specialities` (`id`) ON DELETE CASCADE
) ENGINE=InnoDB AUTO_INCREMENT=18 DEFAULT CHARSET=utf8mb4 COLLATE=utf8mb4_unicode_ci;
/*!40101 SET character_set_client = @saved_cs_client */;

--
-- Dumping data for table `classes`
--

LOCK TABLES `classes` WRITE;
/*!40000 ALTER TABLE `classes` DISABLE KEYS */;
INSERT INTO `classes` VALUES (3,15,'无',7,'2017-12-19 06:56:04','2018-02-22 04:07:24',1,18,1),(5,15,'无',7,'2017-12-19 07:37:13','2017-12-19 07:37:13',2,0,1),(9,15,'无',8,'2017-12-19 13:13:27','2018-02-22 04:07:24',2,9,1),(10,15,'史上最牛的班级，不因为什么',8,'2017-12-21 07:11:38','2018-02-22 04:04:40',1,12,1),(11,15,'无',9,'2018-02-04 22:49:12','2018-02-22 04:07:24',1,9,1),(12,15,'无',9,'2018-02-04 22:49:12','2018-02-22 04:07:24',2,9,1),(13,15,'无',9,'2018-02-04 22:49:12','2018-02-22 04:07:24',3,9,1),(14,16,'无',8,'2018-02-08 03:09:12','2018-02-22 04:07:24',1,7,1),(16,16,'无',7,'2018-02-08 03:09:12','2018-02-22 04:07:24',1,9,1);
/*!40000 ALTER TABLE `classes` ENABLE KEYS */;
UNLOCK TABLES;

--
-- Table structure for table `counselors`
--

DROP TABLE IF EXISTS `counselors`;
/*!40101 SET @saved_cs_client     = @@character_set_client */;
/*!40101 SET character_set_client = utf8 */;
CREATE TABLE `counselors` (
  `id` int(10) unsigned NOT NULL AUTO_INCREMENT COMMENT '辅导员id',
  `user_id` int(10) unsigned NOT NULL COMMENT '关联的用户id',
  `created_at` timestamp NULL DEFAULT NULL,
  `updated_at` timestamp NULL DEFAULT NULL,
  `depar_id` int(10) unsigned NOT NULL DEFAULT '1',
  PRIMARY KEY (`id`),
  KEY `counselors_user_id_index` (`user_id`),
  KEY `counselors_depar_id_index` (`depar_id`),
  CONSTRAINT `counselors_depar_id_foreign` FOREIGN KEY (`depar_id`) REFERENCES `departments` (`id`),
  CONSTRAINT `counselors_user_id_foreign` FOREIGN KEY (`user_id`) REFERENCES `users` (`id`) ON DELETE CASCADE
) ENGINE=InnoDB AUTO_INCREMENT=2 DEFAULT CHARSET=utf8mb4 COLLATE=utf8mb4_unicode_ci;
/*!40101 SET character_set_client = @saved_cs_client */;

--
-- Dumping data for table `counselors`
--

LOCK TABLES `counselors` WRITE;
/*!40000 ALTER TABLE `counselors` DISABLE KEYS */;
INSERT INTO `counselors` VALUES (1,1,'2018-01-24 03:01:21','2018-02-13 05:29:36',1);
/*!40000 ALTER TABLE `counselors` ENABLE KEYS */;
UNLOCK TABLES;

--
-- Table structure for table `departments`
--

DROP TABLE IF EXISTS `departments`;
/*!40101 SET @saved_cs_client     = @@character_set_client */;
/*!40101 SET character_set_client = utf8 */;
CREATE TABLE `departments` (
  `id` int(10) unsigned NOT NULL AUTO_INCREMENT,
  `depar_name` varchar(191) COLLATE utf8mb4_unicode_ci NOT NULL COMMENT '院系名',
  `desc` text COLLATE utf8mb4_unicode_ci COMMENT '介绍',
  `created_at` timestamp NULL DEFAULT NULL,
  `updated_at` timestamp NULL DEFAULT NULL,
  PRIMARY KEY (`id`)
) ENGINE=InnoDB AUTO_INCREMENT=4 DEFAULT CHARSET=utf8mb4 COLLATE=utf8mb4_unicode_ci;
/*!40101 SET character_set_client = @saved_cs_client */;

--
-- Dumping data for table `departments`
--

LOCK TABLES `departments` WRITE;
/*!40000 ALTER TABLE `departments` DISABLE KEYS */;
INSERT INTO `departments` VALUES (1,'信息工程系','dasd','2017-12-17 11:20:27','2017-12-17 11:20:27'),(3,'会计系','刚被我删了，现在修改','2017-12-17 11:58:32','2017-12-17 12:51:53');
/*!40000 ALTER TABLE `departments` ENABLE KEYS */;
UNLOCK TABLES;

--
-- Table structure for table `lessons`
--

DROP TABLE IF EXISTS `lessons`;
/*!40101 SET @saved_cs_client     = @@character_set_client */;
/*!40101 SET character_set_client = utf8 */;
CREATE TABLE `lessons` (
  `id` int(10) unsigned NOT NULL AUTO_INCREMENT COMMENT '课程id',
  `name` varchar(191) COLLATE utf8mb4_unicode_ci NOT NULL COMMENT '课程名称',
  `section` int(11) NOT NULL COMMENT '节次',
  `week_begin` int(11) NOT NULL COMMENT '起始周',
  `week_end` int(11) NOT NULL COMMENT '结束周',
  `weekday` int(11) NOT NULL COMMENT '周几',
  `room_id` int(10) unsigned NOT NULL COMMENT '课室id',
  `class_id` int(10) unsigned NOT NULL COMMENT '班级id',
  `created_at` timestamp NULL DEFAULT NULL,
  `updated_at` timestamp NULL DEFAULT NULL,
  `status` int(11) NOT NULL DEFAULT '1' COMMENT '课程状态',
  `teacher_id` int(11) DEFAULT NULL,
  `is_single` tinyint(1) NOT NULL,
  PRIMARY KEY (`id`),
  KEY `lessons_room_id_foreign` (`room_id`),
  KEY `lessons_class_id_foreign` (`class_id`),
  CONSTRAINT `lessons_class_id_foreign` FOREIGN KEY (`class_id`) REFERENCES `classes` (`id`) ON DELETE CASCADE,
  CONSTRAINT `lessons_room_id_foreign` FOREIGN KEY (`room_id`) REFERENCES `rooms` (`id`)
) ENGINE=InnoDB AUTO_INCREMENT=82 DEFAULT CHARSET=utf8mb4 COLLATE=utf8mb4_unicode_ci;
/*!40101 SET character_set_client = @saved_cs_client */;

--
-- Dumping data for table `lessons`
--

LOCK TABLES `lessons` WRITE;
/*!40000 ALTER TABLE `lessons` DISABLE KEYS */;
INSERT INTO `lessons` VALUES (1,'系统分析设计与UML',6,1,18,0,149,10,'2017-12-24 17:12:37','2017-12-24 17:17:39',0,1,0),(2,'面向对象程序设计（Java）',6,1,18,1,483,10,'2017-12-24 17:12:37','2017-12-24 17:17:39',0,1,0),(3,'大型数据库应用',6,1,18,2,360,10,'2017-12-24 17:12:37','2017-12-24 17:17:39',0,1,0),(4,'专业实习III（Web应用系统开发）',6,2,8,3,360,10,'2017-12-24 17:12:37','2017-12-24 17:17:39',0,1,1),(5,'数据结构',6,1,18,4,178,10,'2017-12-24 17:12:37','2017-12-24 17:17:39',0,1,0),(6,'大型数据库应用',8,1,18,2,360,10,'2017-12-24 17:12:37','2017-12-24 17:17:39',0,1,0),(7,'计算机组成原理',24,1,17,4,288,10,'2017-12-24 17:12:37','2017-12-24 17:17:39',0,1,1),(8,'计算机组成原理',96,1,18,0,137,10,'2017-12-24 17:12:37','2017-12-24 17:17:39',0,2,0),(9,'软件工程',96,1,18,1,288,10,'2017-12-24 17:12:37','2017-12-24 17:17:39',0,2,0),(10,'软件工程',96,1,18,2,180,10,'2017-12-24 17:12:37','2017-12-24 17:17:39',0,2,0),(11,'专业实习III（Web应用系统开发）',96,1,8,4,360,10,'2017-12-24 17:12:37','2017-12-24 17:17:39',0,2,0),(12,'系统分析设计与UML',384,1,17,0,300,10,'2017-12-24 17:12:37','2017-12-24 17:17:39',0,2,1),(13,'数据结构',384,1,18,3,355,10,'2017-12-24 17:12:37','2017-12-24 17:17:39',0,3,0),(14,'面向对象程序设计（Java）',384,1,18,4,360,10,'2017-12-24 17:12:37','2017-12-24 17:17:39',0,3,0),(15,'形势与政策III',1536,9,12,3,160,10,'2017-12-24 17:12:37','2017-12-24 17:17:39',0,3,0),(16,'形势与政策III',2048,9,12,3,160,10,'2017-12-24 17:12:37','2017-12-24 17:17:39',0,3,0),(17,'系统分析设计与UML',6,1,18,0,149,10,'2017-12-24 17:18:11','2018-02-10 01:51:39',0,3,0),(18,'面向对象程序设计（Java）',6,1,18,1,483,10,'2017-12-24 17:18:11','2018-02-10 01:51:39',0,3,0),(19,'大型数据库应用',6,1,18,2,360,10,'2017-12-24 17:18:11','2018-02-10 01:51:39',0,3,0),(20,'专业实习III（Web应用系统开发）',6,2,8,3,360,10,'2017-12-24 17:18:11','2018-02-10 01:51:39',0,3,1),(21,'数据结构',6,1,18,4,178,10,'2017-12-24 17:18:11','2018-02-10 01:51:39',0,3,0),(22,'大型数据库应用',8,1,18,2,360,10,'2017-12-24 17:18:11','2018-02-10 01:51:39',0,3,0),(23,'计算机组成原理',24,1,17,4,288,10,'2017-12-24 17:18:11','2018-02-10 01:51:39',0,3,1),(24,'计算机组成原理',96,1,18,0,137,10,'2017-12-24 17:18:11','2018-02-10 01:51:39',0,2,0),(25,'软件工程',96,1,18,1,288,10,'2017-12-24 17:18:11','2018-02-10 01:51:39',0,2,0),(26,'软件工程',96,1,18,2,180,10,'2017-12-24 17:18:11','2018-02-10 01:51:39',0,2,0),(27,'专业实习III（Web应用系统开发）',96,1,8,4,360,10,'2017-12-24 17:18:11','2018-02-10 01:51:39',0,2,0),(28,'系统分析设计与UML',384,1,17,0,300,10,'2017-12-24 17:18:11','2018-02-10 01:51:39',0,2,1),(29,'数据结构',384,1,18,3,355,10,'2017-12-24 17:18:11','2018-02-10 01:51:39',0,2,0),(30,'面向对象程序设计（Java）',384,1,18,4,360,10,'2017-12-24 17:18:11','2018-02-10 01:51:39',0,2,0),(31,'形势与政策III',1536,9,12,3,160,10,'2017-12-24 17:18:11','2018-02-10 01:51:39',0,2,0),(32,'形势与政策III',2048,9,12,3,160,10,'2017-12-24 17:18:11','2018-02-10 01:51:39',0,2,0),(33,'系统分析设计与UML',3,1,18,0,149,10,'2018-02-10 01:51:39','2018-02-10 02:03:41',0,NULL,0),(34,'面向对象程序设计（Java）',3,1,18,1,483,10,'2018-02-10 01:51:39','2018-02-10 02:03:41',0,NULL,0),(35,'大型数据库应用',3,1,18,2,360,10,'2018-02-10 01:51:39','2018-02-10 02:03:41',0,NULL,0),(36,'专业实习III（Web应用系统开发）',3,2,8,3,360,10,'2018-02-10 01:51:39','2018-02-10 02:03:41',0,NULL,1),(37,'数据结构',3,1,18,4,178,10,'2018-02-10 01:51:39','2018-02-10 02:03:41',0,NULL,0),(38,'大型数据库应用',4,1,18,2,360,10,'2018-02-10 01:51:39','2018-02-10 02:03:41',0,NULL,0),(39,'计算机组成原理',12,1,17,4,288,10,'2018-02-10 01:51:39','2018-02-10 02:03:41',0,NULL,1),(40,'计算机组成原理',48,1,18,0,137,10,'2018-02-10 01:51:39','2018-02-10 02:03:41',0,NULL,0),(41,'软件工程',48,1,18,1,288,10,'2018-02-10 01:51:39','2018-02-10 02:03:41',0,NULL,0),(42,'软件工程',48,1,18,2,180,10,'2018-02-10 01:51:39','2018-02-10 02:03:41',0,NULL,0),(43,'专业实习III（Web应用系统开发）',48,1,8,4,360,10,'2018-02-10 01:51:39','2018-02-10 02:03:41',0,NULL,0),(44,'系统分析设计与UML',192,1,17,0,300,10,'2018-02-10 01:51:39','2018-02-10 02:03:41',0,NULL,1),(45,'数据结构',192,1,18,3,355,10,'2018-02-10 01:51:39','2018-02-10 02:03:41',0,NULL,0),(46,'面向对象程序设计（Java）',192,1,18,4,360,10,'2018-02-10 01:51:39','2018-02-10 02:03:41',0,NULL,0),(47,'形势与政策III',768,9,12,3,160,10,'2018-02-10 01:51:39','2018-02-10 02:03:41',0,NULL,0),(48,'形势与政策III',1024,9,12,3,160,10,'2018-02-10 01:51:39','2018-02-10 02:03:41',0,NULL,0),(49,'系统分析设计与UML',3,1,18,0,149,10,'2018-02-10 02:04:42','2018-02-10 02:05:55',0,NULL,0),(50,'面向对象程序设计（Java）',3,1,18,1,483,10,'2018-02-10 02:04:42','2018-02-10 02:05:55',0,NULL,0),(51,'大型数据库应用',3,1,18,2,360,10,'2018-02-10 02:04:42','2018-02-10 02:05:55',0,NULL,0),(52,'专业实习III（Web应用系统开发）',3,2,8,3,360,10,'2018-02-10 02:04:42','2018-02-10 02:05:55',0,NULL,1),(53,'数据结构',3,1,18,4,178,10,'2018-02-10 02:04:42','2018-02-10 02:05:55',0,NULL,0),(54,'大型数据库应用',4,1,18,2,360,10,'2018-02-10 02:04:42','2018-02-10 02:05:55',0,NULL,0),(55,'计算机组成原理',12,1,17,4,288,10,'2018-02-10 02:04:42','2018-02-10 02:05:55',0,NULL,1),(56,'计算机组成原理',48,1,18,0,137,10,'2018-02-10 02:04:42','2018-02-10 02:05:55',0,NULL,0),(57,'软件工程',48,1,18,1,288,10,'2018-02-10 02:04:42','2018-02-10 02:05:55',0,NULL,0),(58,'软件工程',48,1,18,2,180,10,'2018-02-10 02:04:42','2018-02-10 02:05:55',0,NULL,0),(59,'专业实习III（Web应用系统开发）',48,1,8,4,360,10,'2018-02-10 02:04:42','2018-02-10 02:05:55',0,NULL,0),(60,'系统分析设计与UML',192,1,17,0,300,10,'2018-02-10 02:04:42','2018-02-10 02:05:55',0,NULL,1),(61,'数据结构',192,1,18,3,355,10,'2018-02-10 02:04:42','2018-02-10 02:05:55',0,NULL,0),(62,'面向对象程序设计（Java）',192,1,18,4,360,10,'2018-02-10 02:04:42','2018-02-10 02:05:55',0,NULL,0),(63,'形势与政策III',768,9,12,3,160,10,'2018-02-10 02:04:42','2018-02-10 02:05:55',0,NULL,0),(64,'形势与政策III',1024,9,12,3,160,10,'2018-02-10 02:04:42','2018-02-10 02:05:55',0,NULL,0),(65,'系统分析设计与UML',3,1,18,0,149,10,'2018-02-10 02:07:15','2018-02-10 02:07:52',0,NULL,0),(66,'系统分析设计与UML',3,1,18,0,149,10,'2018-02-10 02:07:52','2018-02-10 02:07:52',1,1,0),(67,'面向对象程序设计（Java）',3,1,18,1,483,10,'2018-02-10 02:07:52','2018-02-10 02:07:52',1,1,0),(68,'大型数据库应用',3,1,18,2,360,10,'2018-02-10 02:07:52','2018-02-10 02:07:52',1,1,0),(69,'专业实习III（Web应用系统开发）',3,2,8,3,360,10,'2018-02-10 02:07:52','2018-02-10 02:07:52',1,1,1),(70,'数据结构',3,1,18,4,178,10,'2018-02-10 02:07:52','2018-02-10 02:07:52',1,1,0),(71,'大型数据库应用',4,1,18,2,360,10,'2018-02-10 02:07:52','2018-02-10 02:07:52',1,1,0),(72,'计算机组成原理',12,1,17,4,288,10,'2018-02-10 02:07:52','2018-02-10 02:07:52',1,1,1),(73,'计算机组成原理',48,1,18,0,137,10,'2018-02-10 02:07:52','2018-02-10 02:07:52',1,1,0),(74,'软件工程',48,1,18,1,288,10,'2018-02-10 02:07:52','2018-02-10 02:07:52',1,1,0),(75,'软件工程',48,1,18,2,180,10,'2018-02-10 02:07:52','2018-02-10 02:07:52',1,1,0),(76,'专业实习III（Web应用系统开发）',48,1,8,4,360,10,'2018-02-10 02:07:52','2018-02-10 02:07:52',1,1,0),(77,'系统分析设计与UML',192,1,17,0,300,10,'2018-02-10 02:07:52','2018-02-10 02:07:52',1,1,1),(78,'数据结构',192,1,18,3,355,10,'2018-02-10 02:07:52','2018-02-10 02:07:52',1,1,0),(79,'面向对象程序设计（Java）',192,1,18,4,360,10,'2018-02-10 02:07:52','2018-02-10 02:07:52',1,1,0),(80,'形势与政策III',768,9,12,3,160,10,'2018-02-10 02:07:52','2018-02-10 02:07:52',1,1,0),(81,'形势与政策III',1024,9,12,3,160,10,'2018-02-10 02:07:52','2018-02-10 02:07:52',1,1,0);
/*!40000 ALTER TABLE `lessons` ENABLE KEYS */;
UNLOCK TABLES;

--
-- Table structure for table `migrations`
--

DROP TABLE IF EXISTS `migrations`;
/*!40101 SET @saved_cs_client     = @@character_set_client */;
/*!40101 SET character_set_client = utf8 */;
CREATE TABLE `migrations` (
  `id` int(10) unsigned NOT NULL AUTO_INCREMENT,
  `migration` varchar(191) COLLATE utf8mb4_unicode_ci NOT NULL,
  `batch` int(11) NOT NULL,
  PRIMARY KEY (`id`)
) ENGINE=InnoDB AUTO_INCREMENT=48 DEFAULT CHARSET=utf8mb4 COLLATE=utf8mb4_unicode_ci;
/*!40101 SET character_set_client = @saved_cs_client */;

--
-- Dumping data for table `migrations`
--

LOCK TABLES `migrations` WRITE;
/*!40000 ALTER TABLE `migrations` DISABLE KEYS */;
INSERT INTO `migrations` VALUES (1,'2014_10_12_000000_create_users_table',1),(2,'2014_10_12_100000_create_password_resets_table',1),(3,'2015_01_15_105324_create_roles_table',1),(4,'2015_01_15_114412_create_role_user_table',1),(5,'2015_01_26_115212_create_permissions_table',1),(6,'2015_01_26_115523_create_permission_role_table',1),(7,'2015_02_09_132439_create_permission_user_table',1),(8,'2017_11_15_143543_create_departments_table',1),(9,'2017_11_15_143544_create_specialities_table',1),(10,'2017_11_15_143547_create_classes_table',1),(11,'2017_11_15_143851_create_students_table',1),(12,'2017_11_15_151049_create_builds_table',1),(13,'2017_11_15_151055_create_rooms_table',1),(14,'2017_11_15_152947_create_lessons_table',1),(15,'2017_11_15_153629_create_sign_ins_table',1),(16,'2017_11_15_153701_create_attendances_table',1),(17,'2017_12_19_060136_alter_classes_classname_to_class_num_table',2),(18,'2017_12_19_140513_drop_stu_name_add_user_id_table',3),(19,'2017_12_21_134651_create_teachers_table',4),(20,'2017_12_22_045545_add_col_status_on_lessons',5),(21,'2017_12_22_050408_add_col_teacher_work_num_on_lessons',6),(22,'2017_12_24_062135_alter_att_id_on_sign_ins_table',7),(23,'2017_12_24_062542_alter_in_lessons_table',7),(24,'2017_12_24_063306_add_status_in_attendances_table',7),(25,'2016_06_01_000001_create_oauth_auth_codes_table',8),(26,'2016_06_01_000002_create_oauth_access_tokens_table',8),(27,'2016_06_01_000003_create_oauth_refresh_tokens_table',8),(28,'2016_06_01_000004_create_oauth_clients_table',8),(29,'2016_06_01_000005_create_oauth_personal_access_clients_table',8),(30,'2018_01_21_010020_create_counselors_table',9),(31,'2018_01_21_011504_alter_col_students_table',10),(32,'2018_01_21_073725_alter_classes_table',11),(34,'2018_01_24_104429_alter_classes_add_counselor_id_table',12),(36,'2018_01_24_113130_alter_counselors_add_depar_id',13),(37,'2018_01_27_051958_create_settings_table',14),(40,'2018_02_07_112132_alter_students_add_leave_num',15),(44,'2018_02_21_043439_alter_users_add_headshot',16),(47,'2018_02_23_050534_alter_settings_add_name',17);
/*!40000 ALTER TABLE `migrations` ENABLE KEYS */;
UNLOCK TABLES;

--
-- Table structure for table `oauth_access_tokens`
--

DROP TABLE IF EXISTS `oauth_access_tokens`;
/*!40101 SET @saved_cs_client     = @@character_set_client */;
/*!40101 SET character_set_client = utf8 */;
CREATE TABLE `oauth_access_tokens` (
  `id` varchar(100) COLLATE utf8mb4_unicode_ci NOT NULL,
  `user_id` int(11) DEFAULT NULL,
  `client_id` int(11) NOT NULL,
  `name` varchar(191) COLLATE utf8mb4_unicode_ci DEFAULT NULL,
  `scopes` text COLLATE utf8mb4_unicode_ci,
  `revoked` tinyint(1) NOT NULL,
  `created_at` timestamp NULL DEFAULT NULL,
  `updated_at` timestamp NULL DEFAULT NULL,
  `expires_at` datetime DEFAULT NULL,
  PRIMARY KEY (`id`),
  KEY `oauth_access_tokens_user_id_index` (`user_id`)
) ENGINE=InnoDB DEFAULT CHARSET=utf8mb4 COLLATE=utf8mb4_unicode_ci;
/*!40101 SET character_set_client = @saved_cs_client */;

--
-- Dumping data for table `oauth_access_tokens`
--

LOCK TABLES `oauth_access_tokens` WRITE;
/*!40000 ALTER TABLE `oauth_access_tokens` DISABLE KEYS */;
INSERT INTO `oauth_access_tokens` VALUES ('03415bdbd0e66a94f9ce38725bca14898e3d895a038b81573e2f38e181046efe2cde1e95d2746009',53,1,'User #53 - 123123 - 183.36.65.143','[]',0,'2017-12-26 04:23:20','2017-12-26 04:23:20','2018-12-26 12:23:20'),('03cf3fef59a3e022f2b3f05e54ce1885a3429c5691d7b7dd0a2a439bb66bf58e562fe1d96838ef63',53,1,'User #53 - 123123 - 219.72.203.211','[]',0,'2018-02-23 01:36:49','2018-02-23 01:36:49','2019-02-23 09:36:49'),('08721796df7cc5764270307678e8b608bb4171766bee721878f7f0e5399cd6d26d15b0c97bfa443e',53,1,'User #53 - 123123 - 183.36.65.143','[]',0,'2017-12-25 06:29:25','2017-12-25 06:29:25','2018-12-25 14:29:25'),('088edccceba1493437217a3a57dc20b440d4c6e2c5642a3d9cd66cfad46f0d7d3bd8133bb41685c2',56,1,'User #56 - 111000 - 219.72.202.138','[]',0,'2018-02-21 18:54:21','2018-02-21 18:54:21','2019-02-22 02:54:21'),('0b7ab3a92435ce7ead7f9da86faea68bdd5d3f5094df2bf9b5a23dbc47cda9288e08a8d1b0ea2e08',53,1,'User #53 - 123123 - 219.72.203.211','[]',0,'2018-02-23 03:39:03','2018-02-23 03:39:03','2019-02-23 11:39:03'),('0bddf215828ebaa31b531694f424cd0d656affd81bda942ba97ba5e8222d64c1ebaaf633be865b7a',53,1,'User #53 - 123123 - 219.72.203.211','[]',1,'2018-02-22 23:29:06','2018-02-22 23:29:06','2019-02-23 07:29:06'),('10d8015318c64ba90affa268dedf02bd3c1602c645137263e1ae24d7b30f789b900737e91a0fc853',1,1,'User #1 - lotiger@lotiger.cn - 192.168.10.1','[]',0,'2017-12-25 11:53:43','2017-12-25 11:53:43','2018-12-25 11:53:43'),('13a6e6fef8953144bd4de302b2d3e42df060949ef9d4b842c010ea6f3e588808739ef99af11997fa',53,1,'User #53 - 123123 - 219.72.202.138','[]',0,'2018-02-21 18:52:22','2018-02-21 18:52:22','2019-02-22 02:52:22'),('14b398d9236a107998fe29452d884c090cb47bb11bdaf3f98b95a7fd15fb8cf2835ec0a51561fbaa',53,1,'User #53 - 123123 - 219.72.203.211','[]',1,'2018-02-22 22:01:03','2018-02-22 22:01:03','2019-02-23 06:01:03'),('1af30ae76b626a0ad816c267ee3f18aedde318a28caa7eb45d88c76ae18de2207453205d14af1d45',56,1,'User #56 - 111000 - 219.72.202.138','[]',0,'2018-02-21 18:54:38','2018-02-21 18:54:38','2019-02-22 02:54:38'),('1b7546580229002c8257875ae16822cffe7205a37d98debc683c5df0557b676445e01a5621ef1d9c',56,1,'User #56 - 111000 - 219.72.202.138','[]',0,'2018-02-21 18:53:28','2018-02-21 18:53:28','2019-02-22 02:53:28'),('26433e3a79e485815ba8fd937ec0b9f6caddad4c57e6c04bc4bea9c894092916a46c49abe898eaf3',56,1,'User #56 - 111000 - 219.72.202.138','[]',0,'2018-02-21 18:53:37','2018-02-21 18:53:37','2019-02-22 02:53:37'),('27322c2cea18a4cc993351155b29a22fa9443ba516e6f4f20e67641f0175a6509923e6fba9e94200',53,1,'User #53 - 123123 - 219.72.203.211','[]',1,'2018-02-23 07:59:42','2018-02-23 07:59:42','2019-02-23 15:59:42'),('28e84e22d805477d8124fe69c218e973d0baa0ca796c3a2421e509e07a41e09ada019b824022468f',53,1,'User #53 - 123123 - 183.36.65.143','[]',0,'2017-12-26 04:16:02','2017-12-26 04:16:02','2018-12-26 12:16:02'),('29032a2db81f4bd650ad7b8820555357756c2478bdee73357e110b5d10141b513d714c0f1d7d6785',53,1,'User #53 - 123123 - 219.72.202.131','[]',0,'2018-02-21 03:47:21','2018-02-21 03:47:21','2019-02-21 11:47:21'),('2aa4b9b19382eeb8219b86add229eabb00f6b0835e69e16d1e1905dd256070996d3242f5ad44abf6',53,1,'User #53 - 123123 - 219.72.203.211','[]',0,'2018-02-23 07:49:25','2018-02-23 07:49:25','2019-02-23 15:49:25'),('2b15a8e0071ab693df58477913faf5791c2cf11ed803a35b9ad048add5a0536d60ee1d30201a553b',53,1,'User #53 - 123123 - 219.72.203.211','[]',0,'2018-02-23 07:47:43','2018-02-23 07:47:43','2019-02-23 15:47:43'),('2c2dde0bcd4cce24966e78ee0b304bd7627aefa10b63aed5d5543e69ccbe20919748bb3613a539eb',53,1,'User #53 - 123123 - 219.72.202.131','[]',0,'2018-02-21 03:18:46','2018-02-21 03:18:46','2019-02-21 11:18:46'),('2de2baac95e638d1ea8ba16afb33dc22f25a6ea29e79060f6f37090b62e6f832c34a306d50923809',53,1,'User #53 - 123123 - 219.72.203.211','[]',0,'2018-02-23 00:31:34','2018-02-23 00:31:34','2019-02-23 08:31:34'),('30297e2c693c096cb76df18248ed4ed56351ee85cf897b351055cba09bfc7496de2981c379a0fe09',53,1,'User #53 - 123123 - 219.72.203.211','[]',1,'2018-02-22 20:38:14','2018-02-22 20:38:14','2019-02-23 04:38:14'),('33d429b11e048e14167de7bb4f9fc31cfb78c82336ab1e05696e7286f3f3a43f35757f9925056ac5',53,1,'User #53 - 123123 - 219.72.203.211','[]',1,'2018-02-23 08:03:18','2018-02-23 08:03:18','2019-02-23 16:03:18'),('34fa60ea48ca5da9749334e07849b8ad29595cb9a31da0398c8fd87ba870e1454fba4bceb548d598',53,1,'User #53 - 123123 - 14.24.22.73','[]',0,'2017-12-25 06:20:15','2017-12-25 06:20:15','2018-12-25 14:20:15'),('36d4ddc8dd25663d3b1479a0a3aec434f95354e6824ccf94d3e8bc85290b3fe6510f368f10771cfc',53,1,'User #53 - 123123 - 219.72.202.138','[]',0,'2018-02-21 18:28:09','2018-02-21 18:28:09','2019-02-22 02:28:09'),('3bf16d87b1bd8f4455dac8db3dc210cfd0fe41a5d745be3a5cfb1308930ea904d101e3e8bf670e24',53,1,'User #53 - 123123 - 219.72.202.138','[]',1,'2018-02-21 19:12:59','2018-02-21 19:12:59','2019-02-22 03:12:59'),('3c608db4bbe864d81bb165b14cfc23ca741a63693b3050b347023cbe8aac9c7f5b3762b05d006ba5',53,1,'User #53 - 123123 - 183.36.65.143','[]',0,'2017-12-25 06:33:23','2017-12-25 06:33:23','2018-12-25 14:33:23'),('3e1ea1d13de4d5362d2bec6e8583d9640f0e9ede4fe4a6491e9f43f477d0c12595f8f9cf272181f4',56,1,'User #56 - 111000 - 61.146.7.239','[]',0,'2018-01-21 17:04:42','2018-01-21 17:04:42','2019-01-22 01:04:42'),('3f56fb572258848bf30cfca896a5953f721c287b6e834635026218becca8d00a2ec030eb20c2b609',53,1,'User #53 - 123123 - 183.36.65.143','[]',0,'2017-12-26 04:29:34','2017-12-26 04:29:34','2018-12-26 12:29:34'),('4044067836c6e25a2d7d0a99db4fe6abe851e48b2c0432f149a2ad30dd5af4c8ccb43b26742be091',53,1,'User #53 - 123123 - 219.72.202.138','[]',0,'2018-02-21 18:04:24','2018-02-21 18:04:24','2019-02-22 02:04:24'),('4282aa610e1a8b053fdff1cb4610230f59f5d0523008b1654c51a538ee3ff46bde771e9d89c29ef5',53,1,'User #53 - 123123 - 219.72.202.138','[]',1,'2018-02-21 18:11:58','2018-02-21 18:11:58','2019-02-22 02:11:58'),('435621a5710ef72e41dae3eb817f8f6e34ff178828dce38ef3c2c8314b59081dacc23e14ee6fa09e',53,1,'User #53 - 123123 - 219.72.202.138','[]',1,'2018-02-21 18:28:39','2018-02-21 18:28:39','2019-02-22 02:28:39'),('43f86cf71def90e0f259467453350d87ad26734fb0b08866ae8cd31517aa4ada8e3dc94a696bb34f',56,1,'User #56 - 111000 - 219.72.202.138','[]',1,'2018-02-22 02:43:27','2018-02-22 02:43:27','2019-02-22 10:43:27'),('4751a4d58589c1e093a681bb99e6ec3e1f7796eb1d6e33990062a30dc846de3a8b1154e7622a86b5',53,1,'User #53 - 123123 - 219.72.202.138','[]',0,'2018-02-21 18:04:09','2018-02-21 18:04:09','2019-02-22 02:04:09'),('4afb9df7f6bb4b524e493acbdb6ce40e9f2e5344b7757516be720e1351118e246007ba201d56bf2f',56,1,'User #56 - 111000 - 61.146.7.239','[]',0,'2018-01-22 19:43:18','2018-01-22 19:43:18','2019-01-23 03:43:18'),('4d68310f8792040a0e390f783f53314582b3645310aae0a746483c42bf43f1ab836661c2095e8b5e',1,1,'Pizza App','[]',0,'2017-12-25 05:34:56','2017-12-25 05:34:56','2018-12-25 05:34:56'),('4e9b4cdfe51b259bbe1fba0bc58e7067e4d8b1b2930751d206007209b0b28812335d9d43a153009c',53,1,'User #53 - 123123 - 219.72.203.211','[]',0,'2018-02-23 03:28:05','2018-02-23 03:28:05','2019-02-23 11:28:05'),('528524ad3d0a33081871baa405d8e361a2ed4af436c57ef075f6a29ab4af8915ea439b12880d0ed3',53,1,'User #53 - 123123 - 219.72.203.211','[]',0,'2018-02-23 07:25:57','2018-02-23 07:25:57','2019-02-23 15:25:57'),('53b825dd94b5aa9fdbddaaefc231c00b7b8f9ec7bccde1cac558354c5748beb13b8cda7558a289c0',53,1,'User #53 - 123123 - 219.72.203.211','[]',0,'2018-02-22 20:37:04','2018-02-22 20:37:04','2019-02-23 04:37:04'),('54f23d78306df2756646c8fcebfc8145df57c8a0c5c87fb5788ace7237ae4d3c8b635917551ce26b',53,1,'User #53 - 123123 - 219.72.202.138','[]',0,'2018-02-21 18:04:18','2018-02-21 18:04:18','2019-02-22 02:04:18'),('554695ffe08904225dd00ebb49d908aa0324aa6e67f7f1239d576a19239563e79d4d9d1e2d09e6c4',53,1,'User #53 - 123123 - 219.72.203.211','[]',0,'2018-02-23 03:28:31','2018-02-23 03:28:31','2019-02-23 11:28:31'),('5611dec7307f72f99e88f016ddd51649d25e9670e120e45a5e73f5175c185ef4dd73eb18b86691a7',53,1,'User #53 - 123123 - 61.146.6.169','[]',0,'2018-02-20 22:49:06','2018-02-20 22:49:06','2019-02-21 06:49:06'),('578f006c555e0e0331ec375b89c9e1711beb067de10a2542ee9c459b11997d14d4ae20e2521f93ed',53,1,'User #53 - 123123 - 219.72.203.211','[]',0,'2018-02-23 01:18:20','2018-02-23 01:18:20','2019-02-23 09:18:20'),('57ea1d246744e5e298157f8622bdcf6f8c0ac980e36fae13551fac10ddb5713c4d6b94d62b6979e8',53,1,'User #53 - 123123 - 183.36.65.143','[]',0,'2017-12-26 04:21:40','2017-12-26 04:21:40','2018-12-26 12:21:40'),('58053bdede75489088c3fc6dd11f9fd513e5f46e5e637dd30c9e64b28f9bfff1f46dcb2be6d3e8a9',53,1,'User #53 - 123123 - 14.24.22.73','[]',0,'2017-12-25 06:33:07','2017-12-25 06:33:07','2018-12-25 14:33:07'),('5c0ed611bf155e0f86677c2899e1a521b9b93b28a5c46e1be31366c7ea18ace965facb5bf54e980d',56,1,'User #56 - 111000 - 61.146.7.239','[]',0,'2018-01-22 21:32:53','2018-01-22 21:32:53','2019-01-23 05:32:53'),('5d1acba9d474e84593c4ca918c9a4b68823c3458ce937daf940d828abff946a14886d529696bc4a6',53,1,'User #53 - 123123 - 219.72.203.211','[]',0,'2018-02-23 01:34:55','2018-02-23 01:34:55','2019-02-23 09:34:55'),('5eee1c87b644822554f6bf566c9739914d160035f9cc5334ceba60f127511a6062f154e64e64cecc',53,1,'User #53 - 123123 - 219.72.202.131','[]',0,'2018-02-21 03:43:20','2018-02-21 03:43:20','2019-02-21 11:43:20'),('609ca6354a9849af0b3a11502ce54ec46cde399c5551049374a32cf546619b64d85c8b5cafa98fb9',53,1,'User #53 - 123123 - 219.72.202.131','[]',0,'2018-02-21 04:00:33','2018-02-21 04:00:33','2019-02-21 12:00:33'),('60d4d71ce66e9c32dc2dde814299ad06be09fe3cb2d2cbefed415bbc1b3ef6b54fade8076b425a0a',53,1,'User #53 - 123123 - 183.36.65.143','[]',0,'2017-12-26 04:21:47','2017-12-26 04:21:47','2018-12-26 12:21:47'),('60dd9e96173eebce466be44c420232bc708c2b5deb55dfb101a2af0a831a09b8d60291fdbd57b9be',56,1,'User #56 - 111000 - 219.72.202.138','[]',0,'2018-02-21 19:32:58','2018-02-21 19:32:58','2019-02-22 03:32:58'),('6305e5af08ad6ddc153ad3a7dcd58102f1a741fe10c6dd7381a41f468488ce62bb953457855ac2c7',53,1,'User #53 - 123123 - 183.36.65.143','[]',0,'2017-12-25 06:22:52','2017-12-25 06:22:52','2018-12-25 14:22:52'),('63cce956d7553e2daccd91c1c471c7cbe54602649628ca6663335f89604b1eec4ceb39de674a8ffa',53,1,'User #53 - 123123 - 219.72.203.211','[]',0,'2018-02-23 00:09:02','2018-02-23 00:09:02','2019-02-23 08:09:02'),('68f9d33e860275c5590a8537b62d8a92369bb99e3ee38f06367fada176abb8b92ba80b83ce18d946',53,1,'User #53 - 123123 - 219.72.203.211','[]',0,'2018-02-23 07:54:59','2018-02-23 07:54:59','2019-02-23 15:54:59'),('6969e289573c6ce49a09afad12ffdc488737836262d6befc77a49f3999c14934e0647ed3b7ce3c99',53,1,'User #53 - 123123 - 219.72.203.211','[]',0,'2018-02-23 03:44:37','2018-02-23 03:44:37','2019-02-23 11:44:37'),('6a334cc41510f107ae23e32ac932af552d04c483a42252a68697222d8cb097fa9406c7a126014b0c',56,1,'User #56 - 111000 - 219.72.202.138','[]',1,'2018-02-21 19:29:32','2018-02-21 19:29:32','2019-02-22 03:29:32'),('6cac402fc10fc364a8a41412e22cdc866ff4986a0800e265fdb6d46916c3e0a1a5e50a40f94803a0',53,1,'User #53 - 123123 - 219.72.203.211','[]',0,'2018-02-23 03:11:28','2018-02-23 03:11:28','2019-02-23 11:11:28'),('7257376352f57e843c2ea5cb2f6529930b6ef62bdb3ee69095f05bb93abeec3b91e38584fe638757',56,1,'User #56 - 111000 - 219.72.202.138','[]',1,'2018-02-22 02:47:05','2018-02-22 02:47:05','2019-02-22 10:47:05'),('7483d239860e5e9fb53aa151d95d22d69101f1b563e6181f2003f9ccb0088150a5daa3a1790a24ca',53,1,'User #53 - 123123 - 183.36.65.143','[]',0,'2017-12-26 04:37:43','2017-12-26 04:37:43','2018-12-26 12:37:43'),('753a31e9597255689dc3602f4f2bfc779959de55d2cdcaeff29037d3f42703f942d343b617205ccd',53,1,'User #53 - 123123 - 219.72.203.211','[]',0,'2018-02-22 23:59:05','2018-02-22 23:59:05','2019-02-23 07:59:05'),('792ad61f3c0b3fc4c52ab524a346c3cbba6f9884ece26e72ea4e92bb07dddd745b6ed464a877ea22',53,1,'User #53 - 123123 - 219.72.203.211','[]',1,'2018-02-22 21:54:43','2018-02-22 21:54:43','2019-02-23 05:54:43'),('7adf22522bf909e107c6260a363c4bacf34bd7d531dc0db4832ed525a120d70d3d233aa5143d72f2',53,1,'User #53 - 123123 - 219.72.202.129','[]',0,'2018-01-20 20:24:38','2018-01-20 20:24:38','2019-01-21 04:24:38'),('7c77376d7ac843af904304b342602dd9859e2aa2a42ec1386c801bf3c6a532383103e3af64540f66',53,1,'User #53 - 123123 - 219.72.202.138','[]',1,'2018-02-21 18:52:37','2018-02-21 18:52:37','2019-02-22 02:52:37'),('7c97cb10f5a88771b092c5190933c029c94ae74cd3767e7c3a94973ffcb05af53d917e13ab82a7c8',56,1,'User #56 - 111000 - 219.72.202.138','[]',0,'2018-02-21 18:56:28','2018-02-21 18:56:28','2019-02-22 02:56:28'),('8219e1a8063b76e35f189a44c8ed6ccf2f3505c4b947e17b2236fe516d5ec75cb53d9ffc06debae6',56,1,'User #56 - 111000 - 219.72.203.211','[]',1,'2018-02-23 08:02:08','2018-02-23 08:02:08','2019-02-23 16:02:08'),('84db00dc39a6a13473a9f53bcb27f6d570fade9546246ecb34370b526b426160fa69cd74736559d3',53,1,'User #53 - 123123 - 183.36.65.143','[]',0,'2017-12-26 04:20:23','2017-12-26 04:20:23','2018-12-26 12:20:23'),('871018c791eca7a2843771fa8ec97a08d55bed177518800b8b163fb335c1b7371af3e5c6649a9b33',53,1,'User #53 - 123123 - 219.72.202.131','[]',0,'2018-02-21 04:01:48','2018-02-21 04:01:48','2019-02-21 12:01:48'),('892d8af84fc4b802a5d6af630830d6a9dd1a5eac0fb20d760f42a28c572045b566e81584636ff561',53,1,'User #53 - 123123 - 61.146.6.169','[]',0,'2018-02-21 00:26:46','2018-02-21 00:26:46','2019-02-21 08:26:46'),('8a3bc977cb8ffd3b26c69e911ced077b4bb548ff852e58c7258b8f18a0f6807a00c32bfd448dd36c',53,1,'User #53 - 123123 - 183.36.65.143','[]',0,'2017-12-26 04:25:53','2017-12-26 04:25:53','2018-12-26 12:25:53'),('8b8581c394af7025ea6243b182c1c657ca22ef8e90730b0529e200e41bd297474d5236c0bb96b3e7',53,1,'User #53 - 123123 - 61.146.6.169','[]',0,'2018-02-20 23:12:11','2018-02-20 23:12:11','2019-02-21 07:12:11'),('8c3620c7369d4514f7682b2136c0af9150b030502f3247f61776ae34e50c6f1b2d2ab86c53e15d3a',53,1,'User #53 - 123123 - 219.72.202.138','[]',1,'2018-02-22 01:33:00','2018-02-22 01:33:00','2019-02-22 09:33:00'),('8cb3792ecfdd725583e67768de5d89c21815cb4f188b7fd052f974946211e580a9b5d5363deb6961',56,1,'User #56 - 111000 - 219.72.202.138','[]',0,'2018-02-21 18:52:58','2018-02-21 18:52:58','2019-02-22 02:52:58'),('8e2c0abee5181612fb7d20b614e52a928ac6949f221c5a404808a9fe13b44bc25f7b670cc5866682',53,1,'User #53 - 123123 - 219.72.202.138','[]',0,'2018-02-21 18:27:37','2018-02-21 18:27:37','2019-02-22 02:27:37'),('90f180c8176fd7bc0b620d9b983a25b2e49779d96e3dc480a900af868544f306c280582dfd47871b',53,1,'User #53 - 123123 - 219.72.202.138','[]',0,'2018-02-21 19:12:55','2018-02-21 19:12:55','2019-02-22 03:12:55'),('91a467140f3e83a89732dfe62ad6b8398342d48cb7d8cc1dcee17c5b68c0f5419bc2ae1211a69035',53,1,'User #53 - 123123 - 219.72.203.211','[]',0,'2018-02-23 07:53:43','2018-02-23 07:53:43','2019-02-23 15:53:43'),('924e561674dbed10dd7314732041928b324123639c5ad60f7c6dfc5aa15365c0d6ebbaf985e1054a',53,1,'User #53 - 123123 - 219.72.203.211','[]',0,'2018-02-23 02:10:22','2018-02-23 02:10:22','2019-02-23 10:10:22'),('92bb5a7728ab0dce4bb6b3770aa5c81654b4d48f8f471f7d0b44b9cca05c6ff482f6ae1be362d04e',53,1,'User #53 - 123123 - 219.72.203.211','[]',0,'2018-02-23 07:43:25','2018-02-23 07:43:25','2019-02-23 15:43:25'),('93f348048b9afd4ccb14500b070672f741177c28628fffb1464af2da13eae6b32e3bc96af7884be7',53,1,'User #53 - 123123 - 14.24.22.73','[]',0,'2017-12-26 03:48:42','2017-12-26 03:48:42','2018-12-26 11:48:42'),('9538e7caf31b41432fde5d6b4d2f5fae26aea32da309e96e45ca71216f9d9f1ec0756508271980e1',56,1,'User #56 - 111000 - 219.72.202.138','[]',1,'2018-02-21 19:33:01','2018-02-21 19:33:01','2019-02-22 03:33:01'),('95e4a3fe129d971283ff8ba0cdcb41f63434cd775ca162f22fac7bcb7050abf72e7ee5435df382d3',53,1,'User #53 - 123123 - 219.72.203.211','[]',1,'2018-02-23 08:01:01','2018-02-23 08:01:01','2019-02-23 16:01:01'),('997cf08bfb5e247c7051e0192575efaad813726f2f1a10057d8b0a2f2655b14a26493df111e919bd',53,1,'User #53 - 123123 - 219.72.202.131','[]',0,'2018-02-21 03:20:37','2018-02-21 03:20:37','2019-02-21 11:20:37'),('9ab5265406e01085720dd8ff9fbb5cf40fb7d291e3b46972c1bdce4077dea14b0bc09f033e547d5e',53,1,'User #53 - 123123 - 183.36.65.143','[]',0,'2017-12-25 20:18:39','2017-12-25 20:18:39','2018-12-26 04:18:39'),('9c96432a9d753d59ee96ddcc84a4ee30213743c29441e96da6f954a79decf54db1d604d1a8c43108',53,1,'User #53 - 123123 - 183.36.65.143','[]',0,'2017-12-25 06:33:50','2017-12-25 06:33:50','2018-12-25 14:33:50'),('9ca5ad560cf58fe2daad80cb63615d9b08f0d207a74f4bc4c4909b603c9c5bbf4818663f06aa5139',53,1,'User #53 - 123123 - 219.72.202.131','[]',0,'2018-02-21 03:47:54','2018-02-21 03:47:54','2019-02-21 11:47:54'),('9d67d563dc79f3d1451c927e4d4038fca7c0dee18f2efde95763ed959961e5519558d2873048a2a5',56,1,'User #56 - 111000 - 219.72.202.138','[]',0,'2018-01-23 06:26:19','2018-01-23 06:26:19','2019-01-23 14:26:19'),('a369d1a971821abdc921f7261831796024f22387947403505f73ef6f0be867c0e24e7b48104e1063',53,1,'User #53 - 123123 - 219.72.203.211','[]',0,'2018-02-23 03:11:31','2018-02-23 03:11:31','2019-02-23 11:11:31'),('a4f8c90b47d2cb55b79ff008b1ac3080c69340396015dcc61da1d774957f67de8aaeb943272044ca',53,1,'User #53 - 123123 - 219.72.203.211','[]',0,'2018-02-23 07:45:14','2018-02-23 07:45:14','2019-02-23 15:45:14'),('a507f067f99655dccaf190ea7e60c13cbd82e1d3058bd35a8605c0552c8c6ee400f07a95c479529d',53,1,'User #53 - 123123 - 219.72.202.138','[]',0,'2018-02-21 17:59:12','2018-02-21 17:59:12','2019-02-22 01:59:12'),('a83e5b9bf4885b1da0a1697cccbdaa3193ae5c8a413f8f11115940201dd84ebc20c735fe5c7a49d8',56,1,'User #56 - 111000 - 61.146.7.239','[]',1,'2018-01-22 19:01:06','2018-01-22 19:01:06','2019-01-23 03:01:06'),('abe9e514c3f56940d60a892ac4773e6a3ad057b07002ef7983b24b2cd0c895a9a8e80c4635582264',56,1,'User #56 - 111000 - 219.72.202.138','[]',0,'2018-02-21 18:55:44','2018-02-21 18:55:44','2019-02-22 02:55:44'),('ad6fb36a77fe4c603cab3799c7856411a6d810be352df0f6bb9ab1ec5b5e5deee1bc2fb221de2000',53,1,'User #53 - 123123 - 219.72.203.211','[]',0,'2018-02-23 00:15:45','2018-02-23 00:15:45','2019-02-23 08:15:45'),('ae42d9342f6aa51136035e33bd35cb5a224ce03e1bf0623678e81e0627fd6aebba6d3acf4993dd09',53,1,'User #53 - 123123 - 219.72.202.131','[]',0,'2018-02-21 03:16:58','2018-02-21 03:16:58','2019-02-21 11:16:58'),('b1671891c7014a9d1e6292443f942a8ee37c1f0a50e676a077f068b7e8e3bb926c10363b52b58fe0',53,1,'User #53 - 123123 - 219.72.203.211','[]',0,'2018-02-23 01:49:57','2018-02-23 01:49:57','2019-02-23 09:49:57'),('b2abe647f311ed7840c99117a8a2611b76839324ade7c7bf428729eb737ddbad9c939762d0b52d68',53,1,'User #53 - 123123 - 219.72.203.211','[]',0,'2018-02-23 07:50:25','2018-02-23 07:50:25','2019-02-23 15:50:25'),('b3939ff6b58ae8fc7f4ced7d254bfb37e3c10d5832e96960457e9157529256a779cf77a125772445',53,1,'User #53 - 123123 - 219.72.202.138','[]',0,'2018-02-21 19:06:16','2018-02-21 19:06:16','2019-02-22 03:06:16'),('b78c89e231ea67036e8da3ab644280376630df51adfb9db817130077b8e11fccec6db8f13335dd5d',53,1,'User #53 - 123123 - 219.72.203.211','[]',0,'2018-02-23 07:40:09','2018-02-23 07:40:09','2019-02-23 15:40:09'),('b8934f7480a31d84706ce17222eab86e4aee8fd5a41e8a43a6cfb94915e5b1dd7b26763eda14fa4f',1,1,'User #1 - lotiger@lotiger.cn - 192.168.10.1','[]',0,'2017-12-25 11:52:19','2017-12-25 11:52:19','2018-12-25 11:52:19'),('bb8e00c16d6cebba849affca1b4cb36b7fc6af79c0ab0bc31f0005ecf9626478aa5367b2f80d399a',53,1,'User #53 - 123123 - 219.72.203.211','[]',1,'2018-02-22 21:59:30','2018-02-22 21:59:30','2019-02-23 05:59:30'),('bb9f5a823dddb432399807d90f4272f0b217851515fca5d4c689fd20ab245fc127b1503a5c40f963',53,1,'User #53 - 123123 - 219.72.203.211','[]',0,'2018-02-23 07:54:12','2018-02-23 07:54:12','2019-02-23 15:54:12'),('c03e832d22640d62ebfa19f98debc3119c8c1ec230befa0f291fb5a85628f9f14b052c0ff17e46e3',53,1,'User #53 - 123123 - 219.72.202.131','[]',1,'2018-02-21 04:37:28','2018-02-21 04:37:28','2019-02-21 12:37:28'),('c16025ee9f0152c41b95cef812fea07480c8df237b109c586af9bcf6e77f667c279c2f5a0a4a16b5',53,1,'User #53 - 123123 - 219.72.202.131','[]',0,'2018-02-21 03:57:18','2018-02-21 03:57:18','2019-02-21 11:57:18'),('c2a50a4110d90f7d01cdc81c6c59b937468d5a39b1e68335676706db400d8262665675a8f5f70d31',53,1,'User #53 - 123123 - 219.72.202.138','[]',1,'2018-02-22 00:21:12','2018-02-22 00:21:12','2019-02-22 08:21:12'),('cc20f39d7e0de89f129707f9d037908de0c94112f6738989e1c53b72a20580044fefd17132873aa6',56,1,'User #56 - 111000 - 61.146.7.239','[]',1,'2018-01-21 17:17:29','2018-01-21 17:17:29','2019-01-22 01:17:29'),('d082375425dea939321d260975360428746893b97a5f863f1614b0ec9c000fcc73cb57b7c2ec606b',53,1,'User #53 - 123123 - 61.146.6.169','[]',1,'2018-02-21 04:28:17','2018-02-21 04:28:17','2019-02-21 12:28:17'),('d761bbd9a3ebc1dd2caa30207b796be616100d3b83774f582d99592951d5a67482a2f7f306c957ea',56,1,'User #56 - 111000 - 61.146.7.239','[]',1,'2018-01-22 21:01:42','2018-01-22 21:01:42','2019-01-23 05:01:42'),('d857ad95faaf1a79b66d901087af48e18a16aeb55e461ae468e5b56c9709b0f0f9452a679ebaed1e',53,1,'User #53 - 123123 - 219.72.202.131','[]',1,'2018-02-21 04:13:56','2018-02-21 04:13:56','2019-02-21 12:13:56'),('d9ff4933aef95c1dd70c60cc8f9996f5c6d02ea15dd26fa92f2bf02f96807a72dd10d4c5a3288991',53,1,'User #53 - 123123 - 219.72.202.129','[]',0,'2018-01-20 20:25:19','2018-01-20 20:25:19','2019-01-21 04:25:19'),('df17e7b8fe444bb3604fe5e62b4ba9a2329bc3502f2fdee0a09639bec643d4b5593f80acf1d27283',53,1,'User #53 - 123123 - 219.72.202.131','[]',0,'2018-02-21 03:42:32','2018-02-21 03:42:32','2019-02-21 11:42:32'),('e2067bbf1b9fb228ce19400559692b171b7e6d0cd101b3ada00103c3fabbbbd1b94b99519a8a2f26',53,1,'User #53 - 123123 - 219.72.203.211','[]',0,'2018-02-23 07:52:14','2018-02-23 07:52:14','2019-02-23 15:52:14'),('e20a8b54be99b7573d1f5f62a6bd2eb903ca4e9115967693a288aca337a2a2b6fded9226ff0411bf',53,1,'User #53 - 123123 - 219.72.203.211','[]',0,'2018-02-23 07:44:25','2018-02-23 07:44:25','2019-02-23 15:44:25'),('e2c25affbbfd354beb2d3e6a6f948bf314c4c84434d12a0ac08e3fc640699f65bb3000497de7c1b2',56,1,'User #56 - 111000 - 219.72.202.131','[]',0,'2018-02-21 03:32:14','2018-02-21 03:32:14','2019-02-21 11:32:14'),('e825ab78bd3e146adb720af42e2c017f9635a072124b6aef5c70b7235ba8c490f1099dd5033864dc',53,1,'User #53 - 123123 - 219.72.202.131','[]',1,'2018-02-21 04:01:56','2018-02-21 04:01:56','2019-02-21 12:01:56'),('e91ec6a7bc7a4865b2ea2dd33b62f848883434dea4216b3e5ac166efd6cead1480bb62840a3181d5',56,1,'User #56 - 111000 - 219.72.202.138','[]',0,'2018-01-23 06:25:03','2018-01-23 06:25:03','2019-01-23 14:25:03'),('e9439146d122d489a8b4f0202e759d942ea972499befd9ceb6692f1e6bd72983d3fdf3a7252c0b33',53,1,'User #53 - 123123 - 219.72.203.211','[]',0,'2018-02-23 07:41:54','2018-02-23 07:41:54','2019-02-23 15:41:54'),('ed31494bb3e2ed5eaa3f76f58237d4c830f02cb80e00a1810e259ab08c0478cd8d9a217292451697',53,1,'User #53 - 123123 - 219.72.203.211','[]',0,'2018-02-23 03:11:18','2018-02-23 03:11:18','2019-02-23 11:11:18'),('f082e426fc119ea694b2a935f5c81b9ab62ea16866c4c58b4cc1e1a3036e78e3795802d76b68ab24',53,1,'User #53 - 123123 - 219.72.202.131','[]',1,'2018-02-21 04:22:09','2018-02-21 04:22:09','2019-02-21 12:22:09'),('f12dbfcfa0ac8fb5202baec5b0cf284500e50e612465391deebe84045caf966197d2b86685e99257',53,1,'User #53 - 123123 - 219.72.203.211','[]',0,'2018-02-23 00:27:00','2018-02-23 00:27:00','2019-02-23 08:27:00'),('f28be2ed93813b100314cafea8a70ec5daa40d283d1f3fc0cf7e03955c7be3632b8574f923c0c157',53,1,'User #53 - 123123 - 219.72.203.211','[]',0,'2018-02-23 00:20:11','2018-02-23 00:20:11','2019-02-23 08:20:11'),('f471d77a771baee5d164e4bcb384216b006acc0a7306a000c2449215d0f3ba17ceb00c63c0fdba53',1,1,'User #1 - lotiger@lotiger.cn - 192.168.10.1','[]',0,'2017-12-25 11:38:58','2017-12-25 11:38:58','2018-12-25 11:38:58'),('f7dd96a1e6aab7cdb122eb4654805416b8773886baed7934290aed307573f5ea9520aa4159ddb12a',56,1,'User #56 - 111000 - 219.72.202.138','[]',1,'2018-02-22 02:45:16','2018-02-22 02:45:16','2019-02-22 10:45:16'),('f810d6738a728298d706dfec490bd17ae39b6e1dc8dd865f23aec9a6c0ddc061d05e290e154b3665',56,1,'User #56 - 111000 - 192.168.10.1','[]',0,'2017-12-25 11:57:24','2017-12-25 11:57:24','2018-12-25 11:57:24'),('f84c6d24abf50c83d3eb5dd6dfd3e9a64fa86e682676fba4bd7efb1cc78231921d8da2d71d1baa97',53,1,'User #53 - 123123 - 183.36.65.143','[]',0,'2017-12-26 04:30:30','2017-12-26 04:30:30','2018-12-26 12:30:30'),('f88530d51044773026a4a123f79f8f02bf2c37bc8b9d3a1ae5aafbf4ee4300ca29da4d7031623699',53,1,'User #53 - 123123 - 219.72.202.131','[]',0,'2018-02-21 03:19:47','2018-02-21 03:19:47','2019-02-21 11:19:47'),('fce62bdd3d933ed65e0f14e9815d6de996743faa55505fb983903bfe5f70b6b186984090d7333b29',53,1,'User #53 - 123123 - 219.72.203.211','[]',1,'2018-02-23 07:50:54','2018-02-23 07:50:54','2019-02-23 15:50:54'),('fd52489a6c11eb0af33fa7a1088c73f474db1ccfc46cc7f558d757498a61ed632357b8ad836501d8',53,1,'User #53 - 123123 - 61.146.6.169','[]',1,'2018-02-21 02:05:43','2018-02-21 02:05:43','2019-02-21 10:05:43'),('fd96cb0a56bcd90e1ed522f0c6c2e27bd482476f646e0aa08f3f8609895a38c224536dbd638412b2',53,1,'User #53 - 123123 - 183.36.65.143','[]',0,'2017-12-25 06:33:13','2017-12-25 06:33:13','2018-12-25 14:33:13');
/*!40000 ALTER TABLE `oauth_access_tokens` ENABLE KEYS */;
UNLOCK TABLES;

--
-- Table structure for table `oauth_auth_codes`
--

DROP TABLE IF EXISTS `oauth_auth_codes`;
/*!40101 SET @saved_cs_client     = @@character_set_client */;
/*!40101 SET character_set_client = utf8 */;
CREATE TABLE `oauth_auth_codes` (
  `id` varchar(100) COLLATE utf8mb4_unicode_ci NOT NULL,
  `user_id` int(11) NOT NULL,
  `client_id` int(11) NOT NULL,
  `scopes` text COLLATE utf8mb4_unicode_ci,
  `revoked` tinyint(1) NOT NULL,
  `expires_at` datetime DEFAULT NULL,
  PRIMARY KEY (`id`)
) ENGINE=InnoDB DEFAULT CHARSET=utf8mb4 COLLATE=utf8mb4_unicode_ci;
/*!40101 SET character_set_client = @saved_cs_client */;

--
-- Dumping data for table `oauth_auth_codes`
--

LOCK TABLES `oauth_auth_codes` WRITE;
/*!40000 ALTER TABLE `oauth_auth_codes` DISABLE KEYS */;
/*!40000 ALTER TABLE `oauth_auth_codes` ENABLE KEYS */;
UNLOCK TABLES;

--
-- Table structure for table `oauth_clients`
--

DROP TABLE IF EXISTS `oauth_clients`;
/*!40101 SET @saved_cs_client     = @@character_set_client */;
/*!40101 SET character_set_client = utf8 */;
CREATE TABLE `oauth_clients` (
  `id` int(10) unsigned NOT NULL AUTO_INCREMENT,
  `user_id` int(11) DEFAULT NULL,
  `name` varchar(191) COLLATE utf8mb4_unicode_ci NOT NULL,
  `secret` varchar(100) COLLATE utf8mb4_unicode_ci NOT NULL,
  `redirect` text COLLATE utf8mb4_unicode_ci NOT NULL,
  `personal_access_client` tinyint(1) NOT NULL,
  `password_client` tinyint(1) NOT NULL,
  `revoked` tinyint(1) NOT NULL,
  `created_at` timestamp NULL DEFAULT NULL,
  `updated_at` timestamp NULL DEFAULT NULL,
  PRIMARY KEY (`id`),
  KEY `oauth_clients_user_id_index` (`user_id`)
) ENGINE=InnoDB AUTO_INCREMENT=3 DEFAULT CHARSET=utf8mb4 COLLATE=utf8mb4_unicode_ci;
/*!40101 SET character_set_client = @saved_cs_client */;

--
-- Dumping data for table `oauth_clients`
--

LOCK TABLES `oauth_clients` WRITE;
/*!40000 ALTER TABLE `oauth_clients` DISABLE KEYS */;
INSERT INTO `oauth_clients` VALUES (1,NULL,'Laravel Personal Access Client','BvagfN2bNzbREmn9pNLQEFsMH4BvCZFluiYRsAWw','http://localhost',1,0,0,'2017-12-25 05:22:03','2017-12-25 05:22:03'),(2,NULL,'Laravel Password Grant Client','ak40PwZWcfblqXcqLdZ94EJJQB9memc4y0dPhYr9','http://localhost',0,1,0,'2017-12-25 05:22:04','2017-12-25 05:22:04');
/*!40000 ALTER TABLE `oauth_clients` ENABLE KEYS */;
UNLOCK TABLES;

--
-- Table structure for table `oauth_personal_access_clients`
--

DROP TABLE IF EXISTS `oauth_personal_access_clients`;
/*!40101 SET @saved_cs_client     = @@character_set_client */;
/*!40101 SET character_set_client = utf8 */;
CREATE TABLE `oauth_personal_access_clients` (
  `id` int(10) unsigned NOT NULL AUTO_INCREMENT,
  `client_id` int(11) NOT NULL,
  `created_at` timestamp NULL DEFAULT NULL,
  `updated_at` timestamp NULL DEFAULT NULL,
  PRIMARY KEY (`id`),
  KEY `oauth_personal_access_clients_client_id_index` (`client_id`)
) ENGINE=InnoDB AUTO_INCREMENT=2 DEFAULT CHARSET=utf8mb4 COLLATE=utf8mb4_unicode_ci;
/*!40101 SET character_set_client = @saved_cs_client */;

--
-- Dumping data for table `oauth_personal_access_clients`
--

LOCK TABLES `oauth_personal_access_clients` WRITE;
/*!40000 ALTER TABLE `oauth_personal_access_clients` DISABLE KEYS */;
INSERT INTO `oauth_personal_access_clients` VALUES (1,1,'2017-12-25 05:22:04','2017-12-25 05:22:04');
/*!40000 ALTER TABLE `oauth_personal_access_clients` ENABLE KEYS */;
UNLOCK TABLES;

--
-- Table structure for table `oauth_refresh_tokens`
--

DROP TABLE IF EXISTS `oauth_refresh_tokens`;
/*!40101 SET @saved_cs_client     = @@character_set_client */;
/*!40101 SET character_set_client = utf8 */;
CREATE TABLE `oauth_refresh_tokens` (
  `id` varchar(100) COLLATE utf8mb4_unicode_ci NOT NULL,
  `access_token_id` varchar(100) COLLATE utf8mb4_unicode_ci NOT NULL,
  `revoked` tinyint(1) NOT NULL,
  `expires_at` datetime DEFAULT NULL,
  PRIMARY KEY (`id`),
  KEY `oauth_refresh_tokens_access_token_id_index` (`access_token_id`)
) ENGINE=InnoDB DEFAULT CHARSET=utf8mb4 COLLATE=utf8mb4_unicode_ci;
/*!40101 SET character_set_client = @saved_cs_client */;

--
-- Dumping data for table `oauth_refresh_tokens`
--

LOCK TABLES `oauth_refresh_tokens` WRITE;
/*!40000 ALTER TABLE `oauth_refresh_tokens` DISABLE KEYS */;
/*!40000 ALTER TABLE `oauth_refresh_tokens` ENABLE KEYS */;
UNLOCK TABLES;

--
-- Table structure for table `password_resets`
--

DROP TABLE IF EXISTS `password_resets`;
/*!40101 SET @saved_cs_client     = @@character_set_client */;
/*!40101 SET character_set_client = utf8 */;
CREATE TABLE `password_resets` (
  `email` varchar(191) COLLATE utf8mb4_unicode_ci NOT NULL,
  `token` varchar(191) COLLATE utf8mb4_unicode_ci NOT NULL,
  `created_at` timestamp NULL DEFAULT NULL,
  KEY `password_resets_email_index` (`email`)
) ENGINE=InnoDB DEFAULT CHARSET=utf8mb4 COLLATE=utf8mb4_unicode_ci;
/*!40101 SET character_set_client = @saved_cs_client */;

--
-- Dumping data for table `password_resets`
--

LOCK TABLES `password_resets` WRITE;
/*!40000 ALTER TABLE `password_resets` DISABLE KEYS */;
/*!40000 ALTER TABLE `password_resets` ENABLE KEYS */;
UNLOCK TABLES;

--
-- Table structure for table `permission_role`
--

DROP TABLE IF EXISTS `permission_role`;
/*!40101 SET @saved_cs_client     = @@character_set_client */;
/*!40101 SET character_set_client = utf8 */;
CREATE TABLE `permission_role` (
  `id` int(10) unsigned NOT NULL AUTO_INCREMENT,
  `permission_id` int(10) unsigned NOT NULL,
  `role_id` int(10) unsigned NOT NULL,
  `created_at` timestamp NULL DEFAULT NULL,
  `updated_at` timestamp NULL DEFAULT NULL,
  PRIMARY KEY (`id`),
  KEY `permission_role_permission_id_index` (`permission_id`),
  KEY `permission_role_role_id_index` (`role_id`),
  CONSTRAINT `permission_role_permission_id_foreign` FOREIGN KEY (`permission_id`) REFERENCES `permissions` (`id`) ON DELETE CASCADE,
  CONSTRAINT `permission_role_role_id_foreign` FOREIGN KEY (`role_id`) REFERENCES `roles` (`id`) ON DELETE CASCADE
) ENGINE=InnoDB AUTO_INCREMENT=253 DEFAULT CHARSET=utf8mb4 COLLATE=utf8mb4_unicode_ci;
/*!40101 SET character_set_client = @saved_cs_client */;

--
-- Dumping data for table `permission_role`
--

LOCK TABLES `permission_role` WRITE;
/*!40000 ALTER TABLE `permission_role` DISABLE KEYS */;
INSERT INTO `permission_role` VALUES (101,1,13,'2017-12-13 13:53:36','2017-12-13 13:53:36'),(131,2,13,'2017-12-13 16:41:55','2017-12-13 16:41:55'),(133,4,13,'2017-12-13 16:42:01','2017-12-13 16:42:01'),(135,5,13,'2017-12-13 16:42:06','2017-12-13 16:42:06'),(143,7,13,'2017-12-19 08:46:43','2017-12-19 08:46:43'),(149,17,27,'2018-01-26 20:55:14','2018-01-26 20:55:14'),(206,1,1,'2018-02-01 07:45:15','2018-02-01 07:45:15'),(207,2,1,'2018-02-01 07:45:15','2018-02-01 07:45:15'),(208,4,1,'2018-02-01 07:45:15','2018-02-01 07:45:15'),(209,5,1,'2018-02-01 07:45:15','2018-02-01 07:45:15'),(210,6,1,'2018-02-01 07:45:15','2018-02-01 07:45:15'),(211,7,1,'2018-02-01 07:45:15','2018-02-01 07:45:15'),(212,8,1,'2018-02-01 07:45:15','2018-02-01 07:45:15'),(213,10,1,'2018-02-01 07:45:15','2018-02-01 07:45:15'),(214,11,1,'2018-02-01 07:45:15','2018-02-01 07:45:15'),(215,12,1,'2018-02-01 07:45:15','2018-02-01 07:45:15'),(216,13,1,'2018-02-01 07:45:15','2018-02-01 07:45:15'),(217,14,1,'2018-02-01 07:45:15','2018-02-01 07:45:15'),(218,15,1,'2018-02-01 07:45:15','2018-02-01 07:45:15'),(219,16,1,'2018-02-01 07:45:15','2018-02-01 07:45:15'),(220,17,1,'2018-02-01 07:45:15','2018-02-01 07:45:15'),(221,18,1,'2018-02-01 07:45:15','2018-02-01 07:45:15'),(222,19,1,'2018-02-01 07:45:15','2018-02-01 07:45:15'),(223,21,1,'2018-02-01 07:45:15','2018-02-01 07:45:15'),(224,22,1,'2018-02-13 05:19:04','2018-02-13 05:19:04'),(225,23,1,'2018-02-13 05:21:48','2018-02-13 05:21:48'),(226,24,1,'2018-02-13 05:25:43','2018-02-13 05:25:43'),(227,25,1,'2018-02-13 05:29:23','2018-02-13 05:29:23'),(228,26,1,'2018-02-13 05:32:20','2018-02-13 05:32:20'),(229,1,29,'2018-02-22 05:28:03','2018-02-22 05:28:03'),(230,2,29,'2018-02-22 05:28:03','2018-02-22 05:28:03'),(231,4,29,'2018-02-22 05:28:03','2018-02-22 05:28:03'),(232,5,29,'2018-02-22 05:28:03','2018-02-22 05:28:03'),(233,6,29,'2018-02-22 05:28:03','2018-02-22 05:28:03'),(234,7,29,'2018-02-22 05:28:03','2018-02-22 05:28:03'),(235,8,29,'2018-02-22 05:28:03','2018-02-22 05:28:03'),(236,10,29,'2018-02-22 05:28:03','2018-02-22 05:28:03'),(237,11,29,'2018-02-22 05:28:03','2018-02-22 05:28:03'),(238,12,29,'2018-02-22 05:28:03','2018-02-22 05:28:03'),(239,13,29,'2018-02-22 05:28:03','2018-02-22 05:28:03'),(240,14,29,'2018-02-22 05:28:03','2018-02-22 05:28:03'),(241,15,29,'2018-02-22 05:28:03','2018-02-22 05:28:03'),(242,16,29,'2018-02-22 05:28:03','2018-02-22 05:28:03'),(243,17,29,'2018-02-22 05:28:03','2018-02-22 05:28:03'),(244,18,29,'2018-02-22 05:28:03','2018-02-22 05:28:03'),(245,19,29,'2018-02-22 05:28:03','2018-02-22 05:28:03'),(246,20,29,'2018-02-22 05:28:03','2018-02-22 05:28:03'),(247,21,29,'2018-02-22 05:28:03','2018-02-22 05:28:03'),(248,22,29,'2018-02-22 05:28:03','2018-02-22 05:28:03'),(249,23,29,'2018-02-22 05:28:03','2018-02-22 05:28:03'),(250,24,29,'2018-02-22 05:28:03','2018-02-22 05:28:03'),(251,25,29,'2018-02-22 05:28:03','2018-02-22 05:28:03'),(252,26,29,'2018-02-22 05:28:03','2018-02-22 05:28:03');
/*!40000 ALTER TABLE `permission_role` ENABLE KEYS */;
UNLOCK TABLES;

--
-- Table structure for table `permission_user`
--

DROP TABLE IF EXISTS `permission_user`;
/*!40101 SET @saved_cs_client     = @@character_set_client */;
/*!40101 SET character_set_client = utf8 */;
CREATE TABLE `permission_user` (
  `id` int(10) unsigned NOT NULL AUTO_INCREMENT,
  `permission_id` int(10) unsigned NOT NULL,
  `user_id` int(10) unsigned NOT NULL,
  `created_at` timestamp NULL DEFAULT NULL,
  `updated_at` timestamp NULL DEFAULT NULL,
  PRIMARY KEY (`id`),
  KEY `permission_user_permission_id_index` (`permission_id`),
  KEY `permission_user_user_id_index` (`user_id`),
  CONSTRAINT `permission_user_permission_id_foreign` FOREIGN KEY (`permission_id`) REFERENCES `permissions` (`id`) ON DELETE CASCADE,
  CONSTRAINT `permission_user_user_id_foreign` FOREIGN KEY (`user_id`) REFERENCES `users` (`id`) ON DELETE CASCADE
) ENGINE=InnoDB AUTO_INCREMENT=3 DEFAULT CHARSET=utf8mb4 COLLATE=utf8mb4_unicode_ci;
/*!40101 SET character_set_client = @saved_cs_client */;

--
-- Dumping data for table `permission_user`
--

LOCK TABLES `permission_user` WRITE;
/*!40000 ALTER TABLE `permission_user` DISABLE KEYS */;
INSERT INTO `permission_user` VALUES (2,1,1,'2017-11-27 11:46:04','2017-11-27 11:46:04');
/*!40000 ALTER TABLE `permission_user` ENABLE KEYS */;
UNLOCK TABLES;

--
-- Table structure for table `permissions`
--

DROP TABLE IF EXISTS `permissions`;
/*!40101 SET @saved_cs_client     = @@character_set_client */;
/*!40101 SET character_set_client = utf8 */;
CREATE TABLE `permissions` (
  `id` int(10) unsigned NOT NULL AUTO_INCREMENT,
  `name` varchar(191) COLLATE utf8mb4_unicode_ci NOT NULL,
  `slug` varchar(191) COLLATE utf8mb4_unicode_ci NOT NULL,
  `description` varchar(191) COLLATE utf8mb4_unicode_ci DEFAULT NULL,
  `model` varchar(191) COLLATE utf8mb4_unicode_ci DEFAULT NULL,
  `created_at` timestamp NULL DEFAULT NULL,
  `updated_at` timestamp NULL DEFAULT NULL,
  PRIMARY KEY (`id`),
  UNIQUE KEY `permissions_slug_unique` (`slug`)
) ENGINE=InnoDB AUTO_INCREMENT=27 DEFAULT CHARSET=utf8mb4 COLLATE=utf8mb4_unicode_ci;
/*!40101 SET character_set_client = @saved_cs_client */;

--
-- Dumping data for table `permissions`
--

LOCK TABLES `permissions` WRITE;
/*!40000 ALTER TABLE `permissions` DISABLE KEYS */;
INSERT INTO `permissions` VALUES (1,'Delete log','delete.log','删除日志123',NULL,'2017-11-27 03:21:56','2017-12-13 13:53:36'),(2,'Create users','create.users','123',NULL,'2017-12-05 14:07:43','2017-12-13 16:41:54'),(4,'删除角色','delete.role','123',NULL,'2017-12-07 11:19:37','2017-12-13 16:42:01'),(5,'添加角色','add.role','123',NULL,'2017-12-07 12:00:16','2017-12-13 16:42:06'),(6,'修改角色','edit.role','修改角色',NULL,'2017-12-07 13:30:29','2017-12-07 13:30:29'),(7,'修改操作','edit.permissions','123',NULL,'2017-12-10 12:42:42','2017-12-19 08:46:43'),(8,'添加操作','add.permissions','添加操作',NULL,'2017-12-11 11:59:37','2017-12-12 15:14:29'),(10,'删除操作','delete.permission','删除操作操作',NULL,'2017-12-11 17:21:15','2017-12-11 17:21:15'),(11,'删除用户','delete.user','删除用户',NULL,'2017-12-14 08:56:27','2017-12-14 08:56:27'),(12,'修改用户','edit.user','修改用户',NULL,'2017-12-14 09:48:57','2017-12-14 09:48:57'),(13,'新增院系','add.department','新增院系',NULL,'2017-12-17 11:16:54','2017-12-17 11:16:54'),(14,'删除院系','delete.department','删除院系',NULL,'2017-12-17 11:55:28','2017-12-17 11:55:28'),(15,'修改院系','edit.department','修改院系',NULL,'2017-12-17 12:51:41','2017-12-17 12:51:41'),(16,'删除专业','delete.speciality','删除专业',NULL,'2017-12-18 11:26:28','2017-12-18 11:26:28'),(17,'导入学生','add.students','导入学生',NULL,'2017-12-21 15:48:27','2017-12-21 15:48:27'),(18,'导入教师','add.teachers','导入教师',NULL,'2017-12-21 15:48:55','2017-12-21 15:48:55'),(19,'删除教学楼','delete.build','删除教学楼',NULL,'2017-12-23 07:45:14','2017-12-23 07:45:14'),(20,'删除课室','delete.room','删除课室',NULL,'2017-12-23 08:43:51','2017-12-23 08:43:51'),(21,'导入课程','add.lessons','导入课程',NULL,'2017-12-24 15:11:29','2017-12-24 15:11:29'),(22,'添加辅导员','add.counselor','用于添加辅导员',NULL,'2018-02-13 05:19:04','2018-02-13 05:19:04'),(23,'添加班级（辅导员）','counselor.add.class','用于添加班级，并指定辅导员',NULL,'2018-02-13 05:21:48','2018-02-13 05:21:48'),(24,'删除辅导员','delete.counselor','删除某个辅导员',NULL,'2018-02-13 05:25:43','2018-02-13 05:25:43'),(25,'修改辅导员所属院系','edit.counselor','修改辅导员所属院系',NULL,'2018-02-13 05:29:23','2018-02-13 05:29:23'),(26,'修改班级（辅导员）','counselor.edit.class','修改班级所属的辅导员',NULL,'2018-02-13 05:32:20','2018-02-13 05:32:20');
/*!40000 ALTER TABLE `permissions` ENABLE KEYS */;
UNLOCK TABLES;

--
-- Table structure for table `role_user`
--

DROP TABLE IF EXISTS `role_user`;
/*!40101 SET @saved_cs_client     = @@character_set_client */;
/*!40101 SET character_set_client = utf8 */;
CREATE TABLE `role_user` (
  `id` int(10) unsigned NOT NULL AUTO_INCREMENT,
  `role_id` int(10) unsigned NOT NULL,
  `user_id` int(10) unsigned NOT NULL,
  `created_at` timestamp NULL DEFAULT NULL,
  `updated_at` timestamp NULL DEFAULT NULL,
  PRIMARY KEY (`id`),
  KEY `role_user_role_id_index` (`role_id`),
  KEY `role_user_user_id_index` (`user_id`),
  CONSTRAINT `role_user_role_id_foreign` FOREIGN KEY (`role_id`) REFERENCES `roles` (`id`) ON DELETE CASCADE,
  CONSTRAINT `role_user_user_id_foreign` FOREIGN KEY (`user_id`) REFERENCES `users` (`id`) ON DELETE CASCADE
) ENGINE=InnoDB AUTO_INCREMENT=153 DEFAULT CHARSET=utf8mb4 COLLATE=utf8mb4_unicode_ci;
/*!40101 SET character_set_client = @saved_cs_client */;

--
-- Dumping data for table `role_user`
--

LOCK TABLES `role_user` WRITE;
/*!40000 ALTER TABLE `role_user` DISABLE KEYS */;
INSERT INTO `role_user` VALUES (1,1,1,'2017-11-26 05:54:39','2017-11-26 05:54:39'),(62,26,53,'2017-12-21 11:49:51','2017-12-21 11:49:51'),(63,26,54,'2017-12-21 11:49:52','2017-12-21 11:49:52'),(64,26,55,'2017-12-21 11:49:52','2017-12-21 11:49:52'),(65,13,56,'2017-12-21 15:49:32','2017-12-21 15:49:32'),(66,13,57,'2017-12-21 15:49:32','2017-12-21 15:49:32'),(67,13,1,'2017-12-25 11:51:38','2017-12-25 11:51:38'),(68,26,1,'2017-12-25 11:51:38','2017-12-25 11:51:38'),(69,26,58,'2018-02-04 22:38:45','2018-02-04 22:38:45'),(70,26,59,'2018-02-04 22:38:45','2018-02-04 22:38:45'),(71,26,60,'2018-02-04 22:38:45','2018-02-04 22:38:45'),(72,26,61,'2018-02-04 22:38:45','2018-02-04 22:38:45'),(73,26,62,'2018-02-04 22:38:45','2018-02-04 22:38:45'),(74,26,63,'2018-02-04 22:38:45','2018-02-04 22:38:45'),(75,26,64,'2018-02-04 22:38:45','2018-02-04 22:38:45'),(76,26,65,'2018-02-04 22:38:46','2018-02-04 22:38:46'),(77,26,66,'2018-02-04 22:38:46','2018-02-04 22:38:46'),(78,26,67,'2018-02-04 22:40:29','2018-02-04 22:40:29'),(79,26,68,'2018-02-04 22:40:29','2018-02-04 22:40:29'),(80,26,69,'2018-02-04 22:40:29','2018-02-04 22:40:29'),(81,26,70,'2018-02-04 22:40:29','2018-02-04 22:40:29'),(82,26,71,'2018-02-04 22:40:29','2018-02-04 22:40:29'),(83,26,72,'2018-02-04 22:40:29','2018-02-04 22:40:29'),(84,26,73,'2018-02-04 22:40:29','2018-02-04 22:40:29'),(85,26,74,'2018-02-04 22:40:29','2018-02-04 22:40:29'),(86,26,75,'2018-02-04 22:40:30','2018-02-04 22:40:30'),(87,26,76,'2018-02-04 22:41:02','2018-02-04 22:41:02'),(88,26,77,'2018-02-04 22:41:02','2018-02-04 22:41:02'),(89,26,78,'2018-02-04 22:41:03','2018-02-04 22:41:03'),(90,26,79,'2018-02-04 22:41:03','2018-02-04 22:41:03'),(91,26,80,'2018-02-04 22:41:03','2018-02-04 22:41:03'),(92,26,81,'2018-02-04 22:41:03','2018-02-04 22:41:03'),(93,26,82,'2018-02-04 22:41:03','2018-02-04 22:41:03'),(94,26,83,'2018-02-04 22:41:03','2018-02-04 22:41:03'),(95,26,84,'2018-02-04 22:41:03','2018-02-04 22:41:03'),(96,26,85,'2018-02-04 22:50:25','2018-02-04 22:50:25'),(97,26,86,'2018-02-04 22:50:25','2018-02-04 22:50:25'),(98,26,87,'2018-02-04 22:50:25','2018-02-04 22:50:25'),(99,26,88,'2018-02-04 22:50:25','2018-02-04 22:50:25'),(100,26,89,'2018-02-04 22:50:25','2018-02-04 22:50:25'),(101,26,90,'2018-02-04 22:50:25','2018-02-04 22:50:25'),(102,26,91,'2018-02-04 22:50:25','2018-02-04 22:50:25'),(103,26,92,'2018-02-04 22:50:25','2018-02-04 22:50:25'),(104,26,93,'2018-02-04 22:50:25','2018-02-04 22:50:25'),(105,26,94,'2018-02-04 22:50:56','2018-02-04 22:50:56'),(106,26,95,'2018-02-04 22:50:56','2018-02-04 22:50:56'),(107,26,96,'2018-02-04 22:50:56','2018-02-04 22:50:56'),(108,26,97,'2018-02-04 22:50:56','2018-02-04 22:50:56'),(109,26,98,'2018-02-04 22:50:56','2018-02-04 22:50:56'),(110,26,99,'2018-02-04 22:50:56','2018-02-04 22:50:56'),(111,26,100,'2018-02-04 22:50:56','2018-02-04 22:50:56'),(112,26,101,'2018-02-04 22:50:56','2018-02-04 22:50:56'),(113,26,102,'2018-02-04 22:50:56','2018-02-04 22:50:56'),(114,26,103,'2018-02-04 22:51:27','2018-02-04 22:51:27'),(115,26,104,'2018-02-04 22:51:27','2018-02-04 22:51:27'),(116,26,105,'2018-02-04 22:51:27','2018-02-04 22:51:27'),(117,26,106,'2018-02-04 22:51:27','2018-02-04 22:51:27'),(118,26,107,'2018-02-04 22:51:27','2018-02-04 22:51:27'),(119,26,108,'2018-02-04 22:51:27','2018-02-04 22:51:27'),(120,26,109,'2018-02-04 22:51:27','2018-02-04 22:51:27'),(121,26,110,'2018-02-04 22:51:28','2018-02-04 22:51:28'),(122,26,111,'2018-02-04 22:51:28','2018-02-04 22:51:28'),(123,26,112,'2018-02-08 03:16:01','2018-02-08 03:16:01'),(124,26,113,'2018-02-08 03:17:00','2018-02-08 03:17:00'),(125,26,114,'2018-02-08 03:19:45','2018-02-08 03:19:45'),(126,26,115,'2018-02-08 03:22:01','2018-02-08 03:22:01'),(127,26,116,'2018-02-08 03:25:25','2018-02-08 03:25:25'),(128,26,117,'2018-02-08 03:25:25','2018-02-08 03:25:25'),(129,26,118,'2018-02-08 03:25:25','2018-02-08 03:25:25'),(130,26,119,'2018-02-08 03:25:25','2018-02-08 03:25:25'),(131,26,120,'2018-02-08 03:25:25','2018-02-08 03:25:25'),(132,26,121,'2018-02-08 03:25:25','2018-02-08 03:25:25'),(133,26,122,'2018-02-08 03:25:25','2018-02-08 03:25:25'),(134,26,123,'2018-02-08 03:26:40','2018-02-08 03:26:40'),(135,26,124,'2018-02-08 03:26:40','2018-02-08 03:26:40'),(136,26,125,'2018-02-08 03:26:40','2018-02-08 03:26:40'),(137,26,126,'2018-02-08 03:26:40','2018-02-08 03:26:40'),(138,26,127,'2018-02-08 03:26:40','2018-02-08 03:26:40'),(139,26,128,'2018-02-08 03:26:40','2018-02-08 03:26:40'),(140,26,129,'2018-02-08 03:26:40','2018-02-08 03:26:40'),(141,26,130,'2018-02-08 03:26:40','2018-02-08 03:26:40'),(142,26,131,'2018-02-08 03:26:40','2018-02-08 03:26:40'),(143,26,132,'2018-02-22 04:04:40','2018-02-22 04:04:40'),(144,26,133,'2018-02-22 04:04:40','2018-02-22 04:04:40'),(145,26,134,'2018-02-22 04:04:40','2018-02-22 04:04:40'),(146,26,135,'2018-02-22 04:04:40','2018-02-22 04:04:40'),(147,26,136,'2018-02-22 04:04:40','2018-02-22 04:04:40'),(148,26,137,'2018-02-22 04:04:40','2018-02-22 04:04:40'),(149,26,138,'2018-02-22 04:04:40','2018-02-22 04:04:40'),(150,26,139,'2018-02-22 04:04:40','2018-02-22 04:04:40'),(151,26,140,'2018-02-22 04:04:40','2018-02-22 04:04:40'),(152,29,1,'2018-02-22 06:19:10','2018-02-22 06:19:10');
/*!40000 ALTER TABLE `role_user` ENABLE KEYS */;
UNLOCK TABLES;

--
-- Table structure for table `roles`
--

DROP TABLE IF EXISTS `roles`;
/*!40101 SET @saved_cs_client     = @@character_set_client */;
/*!40101 SET character_set_client = utf8 */;
CREATE TABLE `roles` (
  `id` int(10) unsigned NOT NULL AUTO_INCREMENT,
  `name` varchar(191) COLLATE utf8mb4_unicode_ci NOT NULL,
  `slug` varchar(191) COLLATE utf8mb4_unicode_ci NOT NULL,
  `description` varchar(191) COLLATE utf8mb4_unicode_ci DEFAULT NULL,
  `level` int(11) NOT NULL DEFAULT '1',
  `created_at` timestamp NULL DEFAULT NULL,
  `updated_at` timestamp NULL DEFAULT NULL,
  PRIMARY KEY (`id`),
  UNIQUE KEY `roles_slug_unique` (`slug`)
) ENGINE=InnoDB AUTO_INCREMENT=30 DEFAULT CHARSET=utf8mb4 COLLATE=utf8mb4_unicode_ci;
/*!40101 SET character_set_client = @saved_cs_client */;

--
-- Dumping data for table `roles`
--

LOCK TABLES `roles` WRITE;
/*!40000 ALTER TABLE `roles` DISABLE KEYS */;
INSERT INTO `roles` VALUES (1,'管理员','admin','1231',8,'2017-11-26 05:51:38','2018-02-22 05:47:13'),(13,'老师','teacher','123123123',3,'2017-12-07 15:21:36','2018-02-22 06:12:34'),(26,'学生','student','学生',0,'2017-12-13 15:47:33','2017-12-13 15:47:33'),(27,'辅导员','counselor','辅导员',1,'2018-01-26 20:42:40','2018-01-26 20:42:40'),(29,'开发者','developer','牛逼的开发',9,'2018-02-22 05:28:03','2018-02-22 05:28:03');
/*!40000 ALTER TABLE `roles` ENABLE KEYS */;
UNLOCK TABLES;

--
-- Table structure for table `rooms`
--

DROP TABLE IF EXISTS `rooms`;
/*!40101 SET @saved_cs_client     = @@character_set_client */;
/*!40101 SET character_set_client = utf8 */;
CREATE TABLE `rooms` (
  `id` int(10) unsigned NOT NULL AUTO_INCREMENT,
  `room_name` varchar(191) COLLATE utf8mb4_unicode_ci NOT NULL,
  `build_id` int(10) unsigned NOT NULL,
  `created_at` timestamp NULL DEFAULT NULL,
  `updated_at` timestamp NULL DEFAULT NULL,
  PRIMARY KEY (`id`),
  KEY `rooms_build_id_foreign` (`build_id`),
  CONSTRAINT `rooms_build_id_foreign` FOREIGN KEY (`build_id`) REFERENCES `builds` (`id`) ON DELETE CASCADE
) ENGINE=InnoDB AUTO_INCREMENT=542 DEFAULT CHARSET=utf8mb4 COLLATE=utf8mb4_unicode_ci;
/*!40101 SET character_set_client = @saved_cs_client */;

--
-- Dumping data for table `rooms`
--

LOCK TABLES `rooms` WRITE;
/*!40000 ALTER TABLE `rooms` DISABLE KEYS */;
INSERT INTO `rooms` VALUES (57,'101',8,'2017-12-23 07:46:44','2017-12-23 07:46:44'),(58,'102',8,'2017-12-23 07:46:44','2017-12-23 07:46:44'),(59,'103',8,'2017-12-23 07:46:44','2017-12-23 07:46:44'),(60,'104',8,'2017-12-23 07:46:44','2017-12-23 07:46:44'),(61,'105',8,'2017-12-23 07:46:44','2017-12-23 07:46:44'),(62,'106',8,'2017-12-23 07:46:44','2017-12-23 07:46:44'),(63,'107',8,'2017-12-23 07:46:44','2017-12-23 07:46:44'),(64,'108',8,'2017-12-23 07:46:44','2017-12-23 07:46:44'),(65,'201',8,'2017-12-23 07:46:44','2017-12-23 07:46:44'),(66,'202',8,'2017-12-23 07:46:44','2017-12-23 07:46:44'),(67,'203',8,'2017-12-23 07:46:44','2017-12-23 07:46:44'),(68,'204',8,'2017-12-23 07:46:44','2017-12-23 07:46:44'),(69,'205',8,'2017-12-23 07:46:44','2017-12-23 07:46:44'),(70,'206',8,'2017-12-23 07:46:44','2017-12-23 07:46:44'),(71,'207',8,'2017-12-23 07:46:44','2017-12-23 07:46:44'),(72,'208',8,'2017-12-23 07:46:44','2017-12-23 07:46:44'),(73,'301',8,'2017-12-23 07:46:44','2017-12-23 07:46:44'),(74,'302',8,'2017-12-23 07:46:44','2017-12-23 07:46:44'),(75,'303',8,'2017-12-23 07:46:44','2017-12-23 07:46:44'),(76,'304',8,'2017-12-23 07:46:44','2017-12-23 07:46:44'),(77,'305',8,'2017-12-23 07:46:44','2017-12-23 07:46:44'),(78,'306',8,'2017-12-23 07:46:44','2017-12-23 07:46:44'),(79,'307',8,'2017-12-23 07:46:44','2017-12-23 07:46:44'),(80,'308',8,'2017-12-23 07:46:44','2017-12-23 07:46:44'),(81,'401',8,'2017-12-23 07:46:44','2017-12-23 07:46:44'),(82,'402',8,'2017-12-23 07:46:44','2017-12-23 07:46:44'),(83,'403',8,'2017-12-23 07:46:44','2017-12-23 07:46:44'),(84,'404',8,'2017-12-23 07:46:44','2017-12-23 07:46:44'),(85,'405',8,'2017-12-23 07:46:44','2017-12-23 07:46:44'),(86,'406',8,'2017-12-23 07:46:44','2017-12-23 07:46:44'),(87,'407',8,'2017-12-23 07:46:44','2017-12-23 07:46:44'),(88,'408',8,'2017-12-23 07:46:44','2017-12-23 07:46:44'),(89,'501',8,'2017-12-23 07:46:44','2017-12-23 07:46:44'),(90,'502',8,'2017-12-23 07:46:44','2017-12-23 07:46:44'),(91,'503',8,'2017-12-23 07:46:44','2017-12-23 07:46:44'),(92,'504',8,'2017-12-23 07:46:44','2017-12-23 07:46:44'),(93,'505',8,'2017-12-23 07:46:44','2017-12-23 07:46:44'),(94,'506',8,'2017-12-23 07:46:44','2017-12-23 07:46:44'),(95,'507',8,'2017-12-23 07:46:44','2017-12-23 07:46:44'),(97,'101',9,'2017-12-24 16:56:31','2017-12-24 16:56:31'),(98,'102',9,'2017-12-24 16:56:31','2017-12-24 16:56:31'),(99,'103',9,'2017-12-24 16:56:31','2017-12-24 16:56:31'),(100,'104',9,'2017-12-24 16:56:31','2017-12-24 16:56:31'),(101,'105',9,'2017-12-24 16:56:31','2017-12-24 16:56:31'),(102,'106',9,'2017-12-24 16:56:31','2017-12-24 16:56:31'),(103,'107',9,'2017-12-24 16:56:31','2017-12-24 16:56:31'),(104,'108',9,'2017-12-24 16:56:31','2017-12-24 16:56:31'),(105,'201',9,'2017-12-24 16:56:31','2017-12-24 16:56:31'),(106,'202',9,'2017-12-24 16:56:31','2017-12-24 16:56:31'),(107,'203',9,'2017-12-24 16:56:31','2017-12-24 16:56:31'),(108,'204',9,'2017-12-24 16:56:31','2017-12-24 16:56:31'),(109,'205',9,'2017-12-24 16:56:31','2017-12-24 16:56:31'),(110,'206',9,'2017-12-24 16:56:31','2017-12-24 16:56:31'),(111,'207',9,'2017-12-24 16:56:31','2017-12-24 16:56:31'),(112,'208',9,'2017-12-24 16:56:31','2017-12-24 16:56:31'),(113,'301',9,'2017-12-24 16:56:31','2017-12-24 16:56:31'),(114,'302',9,'2017-12-24 16:56:31','2017-12-24 16:56:31'),(115,'303',9,'2017-12-24 16:56:31','2017-12-24 16:56:31'),(116,'304',9,'2017-12-24 16:56:31','2017-12-24 16:56:31'),(117,'305',9,'2017-12-24 16:56:31','2017-12-24 16:56:31'),(118,'306',9,'2017-12-24 16:56:31','2017-12-24 16:56:31'),(119,'307',9,'2017-12-24 16:56:31','2017-12-24 16:56:31'),(120,'308',9,'2017-12-24 16:56:31','2017-12-24 16:56:31'),(121,'401',9,'2017-12-24 16:56:31','2017-12-24 16:56:31'),(122,'402',9,'2017-12-24 16:56:31','2017-12-24 16:56:31'),(123,'403',9,'2017-12-24 16:56:31','2017-12-24 16:56:31'),(124,'404',9,'2017-12-24 16:56:31','2017-12-24 16:56:31'),(125,'405',9,'2017-12-24 16:56:31','2017-12-24 16:56:31'),(126,'406',9,'2017-12-24 16:56:31','2017-12-24 16:56:31'),(127,'407',9,'2017-12-24 16:56:31','2017-12-24 16:56:31'),(128,'408',9,'2017-12-24 16:56:31','2017-12-24 16:56:31'),(129,'501',9,'2017-12-24 16:56:31','2017-12-24 16:56:31'),(130,'502',9,'2017-12-24 16:56:31','2017-12-24 16:56:31'),(131,'503',9,'2017-12-24 16:56:31','2017-12-24 16:56:31'),(132,'504',9,'2017-12-24 16:56:31','2017-12-24 16:56:31'),(133,'505',9,'2017-12-24 16:56:31','2017-12-24 16:56:31'),(134,'506',9,'2017-12-24 16:56:31','2017-12-24 16:56:31'),(135,'507',9,'2017-12-24 16:56:31','2017-12-24 16:56:31'),(136,'508',9,'2017-12-24 16:56:31','2017-12-24 16:56:31'),(137,'101',10,'2017-12-24 16:56:40','2017-12-24 16:56:40'),(138,'102',10,'2017-12-24 16:56:40','2017-12-24 16:56:40'),(139,'103',10,'2017-12-24 16:56:40','2017-12-24 16:56:40'),(140,'104',10,'2017-12-24 16:56:40','2017-12-24 16:56:40'),(141,'105',10,'2017-12-24 16:56:40','2017-12-24 16:56:40'),(142,'106',10,'2017-12-24 16:56:40','2017-12-24 16:56:40'),(143,'107',10,'2017-12-24 16:56:40','2017-12-24 16:56:40'),(144,'108',10,'2017-12-24 16:56:40','2017-12-24 16:56:40'),(145,'201',10,'2017-12-24 16:56:40','2017-12-24 16:56:40'),(146,'202',10,'2017-12-24 16:56:40','2017-12-24 16:56:40'),(147,'203',10,'2017-12-24 16:56:40','2017-12-24 16:56:40'),(148,'204',10,'2017-12-24 16:56:40','2017-12-24 16:56:40'),(149,'205',10,'2017-12-24 16:56:40','2017-12-24 16:56:40'),(150,'206',10,'2017-12-24 16:56:40','2017-12-24 16:56:40'),(151,'207',10,'2017-12-24 16:56:40','2017-12-24 16:56:40'),(152,'208',10,'2017-12-24 16:56:40','2017-12-24 16:56:40'),(153,'301',10,'2017-12-24 16:56:40','2017-12-24 16:56:40'),(154,'302',10,'2017-12-24 16:56:40','2017-12-24 16:56:40'),(155,'303',10,'2017-12-24 16:56:40','2017-12-24 16:56:40'),(156,'304',10,'2017-12-24 16:56:40','2017-12-24 16:56:40'),(157,'305',10,'2017-12-24 16:56:40','2017-12-24 16:56:40'),(158,'306',10,'2017-12-24 16:56:40','2017-12-24 16:56:40'),(159,'307',10,'2017-12-24 16:56:40','2017-12-24 16:56:40'),(160,'308',10,'2017-12-24 16:56:40','2017-12-24 16:56:40'),(161,'401',10,'2017-12-24 16:56:40','2017-12-24 16:56:40'),(162,'402',10,'2017-12-24 16:56:40','2017-12-24 16:56:40'),(163,'403',10,'2017-12-24 16:56:40','2017-12-24 16:56:40'),(164,'404',10,'2017-12-24 16:56:40','2017-12-24 16:56:40'),(165,'405',10,'2017-12-24 16:56:40','2017-12-24 16:56:40'),(166,'406',10,'2017-12-24 16:56:40','2017-12-24 16:56:40'),(167,'407',10,'2017-12-24 16:56:40','2017-12-24 16:56:40'),(168,'408',10,'2017-12-24 16:56:40','2017-12-24 16:56:40'),(169,'501',10,'2017-12-24 16:56:40','2017-12-24 16:56:40'),(170,'502',10,'2017-12-24 16:56:40','2017-12-24 16:56:40'),(171,'503',10,'2017-12-24 16:56:40','2017-12-24 16:56:40'),(172,'504',10,'2017-12-24 16:56:40','2017-12-24 16:56:40'),(173,'505',10,'2017-12-24 16:56:40','2017-12-24 16:56:40'),(174,'506',10,'2017-12-24 16:56:40','2017-12-24 16:56:40'),(175,'507',10,'2017-12-24 16:56:40','2017-12-24 16:56:40'),(177,'101',11,'2017-12-24 16:56:52','2017-12-24 16:56:52'),(178,'102',11,'2017-12-24 16:56:52','2017-12-24 16:56:52'),(179,'103',11,'2017-12-24 16:56:52','2017-12-24 16:56:52'),(180,'104',11,'2017-12-24 16:56:52','2017-12-24 16:56:52'),(181,'105',11,'2017-12-24 16:56:52','2017-12-24 16:56:52'),(182,'106',11,'2017-12-24 16:56:52','2017-12-24 16:56:52'),(183,'107',11,'2017-12-24 16:56:52','2017-12-24 16:56:52'),(184,'108',11,'2017-12-24 16:56:52','2017-12-24 16:56:52'),(185,'201',11,'2017-12-24 16:56:52','2017-12-24 16:56:52'),(186,'202',11,'2017-12-24 16:56:52','2017-12-24 16:56:52'),(187,'203',11,'2017-12-24 16:56:52','2017-12-24 16:56:52'),(188,'204',11,'2017-12-24 16:56:52','2017-12-24 16:56:52'),(189,'205',11,'2017-12-24 16:56:53','2017-12-24 16:56:53'),(190,'206',11,'2017-12-24 16:56:53','2017-12-24 16:56:53'),(191,'207',11,'2017-12-24 16:56:53','2017-12-24 16:56:53'),(192,'208',11,'2017-12-24 16:56:53','2017-12-24 16:56:53'),(193,'301',11,'2017-12-24 16:56:53','2017-12-24 16:56:53'),(194,'302',11,'2017-12-24 16:56:53','2017-12-24 16:56:53'),(195,'303',11,'2017-12-24 16:56:53','2017-12-24 16:56:53'),(196,'304',11,'2017-12-24 16:56:53','2017-12-24 16:56:53'),(197,'305',11,'2017-12-24 16:56:53','2017-12-24 16:56:53'),(198,'306',11,'2017-12-24 16:56:53','2017-12-24 16:56:53'),(199,'307',11,'2017-12-24 16:56:53','2017-12-24 16:56:53'),(200,'308',11,'2017-12-24 16:56:53','2017-12-24 16:56:53'),(201,'401',11,'2017-12-24 16:56:53','2017-12-24 16:56:53'),(202,'402',11,'2017-12-24 16:56:53','2017-12-24 16:56:53'),(203,'403',11,'2017-12-24 16:56:53','2017-12-24 16:56:53'),(204,'404',11,'2017-12-24 16:56:53','2017-12-24 16:56:53'),(205,'405',11,'2017-12-24 16:56:53','2017-12-24 16:56:53'),(206,'406',11,'2017-12-24 16:56:53','2017-12-24 16:56:53'),(207,'407',11,'2017-12-24 16:56:53','2017-12-24 16:56:53'),(208,'408',11,'2017-12-24 16:56:53','2017-12-24 16:56:53'),(209,'501',11,'2017-12-24 16:56:53','2017-12-24 16:56:53'),(210,'502',11,'2017-12-24 16:56:53','2017-12-24 16:56:53'),(211,'503',11,'2017-12-24 16:56:53','2017-12-24 16:56:53'),(212,'504',11,'2017-12-24 16:56:53','2017-12-24 16:56:53'),(213,'505',11,'2017-12-24 16:56:53','2017-12-24 16:56:53'),(214,'506',11,'2017-12-24 16:56:53','2017-12-24 16:56:53'),(215,'507',11,'2017-12-24 16:56:53','2017-12-24 16:56:53'),(216,'508',11,'2017-12-24 16:56:53','2017-12-24 16:56:53'),(272,'101',13,'2017-12-24 16:58:16','2017-12-24 16:58:16'),(273,'102',13,'2017-12-24 16:58:16','2017-12-24 16:58:16'),(274,'103',13,'2017-12-24 16:58:16','2017-12-24 16:58:16'),(275,'104',13,'2017-12-24 16:58:16','2017-12-24 16:58:16'),(276,'105',13,'2017-12-24 16:58:16','2017-12-24 16:58:16'),(277,'106',13,'2017-12-24 16:58:16','2017-12-24 16:58:16'),(278,'107',13,'2017-12-24 16:58:16','2017-12-24 16:58:16'),(279,'108',13,'2017-12-24 16:58:16','2017-12-24 16:58:16'),(280,'109',13,'2017-12-24 16:58:16','2017-12-24 16:58:16'),(281,'110',13,'2017-12-24 16:58:16','2017-12-24 16:58:16'),(282,'111',13,'2017-12-24 16:58:16','2017-12-24 16:58:16'),(283,'112',13,'2017-12-24 16:58:16','2017-12-24 16:58:16'),(284,'113',13,'2017-12-24 16:58:16','2017-12-24 16:58:16'),(285,'201',13,'2017-12-24 16:58:17','2017-12-24 16:58:17'),(286,'202',13,'2017-12-24 16:58:17','2017-12-24 16:58:17'),(287,'203',13,'2017-12-24 16:58:17','2017-12-24 16:58:17'),(288,'204',13,'2017-12-24 16:58:17','2017-12-24 16:58:17'),(289,'205',13,'2017-12-24 16:58:17','2017-12-24 16:58:17'),(290,'206',13,'2017-12-24 16:58:17','2017-12-24 16:58:17'),(291,'207',13,'2017-12-24 16:58:17','2017-12-24 16:58:17'),(292,'208',13,'2017-12-24 16:58:17','2017-12-24 16:58:17'),(293,'209',13,'2017-12-24 16:58:17','2017-12-24 16:58:17'),(294,'210',13,'2017-12-24 16:58:17','2017-12-24 16:58:17'),(295,'211',13,'2017-12-24 16:58:17','2017-12-24 16:58:17'),(296,'212',13,'2017-12-24 16:58:17','2017-12-24 16:58:17'),(297,'213',13,'2017-12-24 16:58:17','2017-12-24 16:58:17'),(298,'301',13,'2017-12-24 16:58:17','2017-12-24 16:58:17'),(299,'302',13,'2017-12-24 16:58:17','2017-12-24 16:58:17'),(300,'303',13,'2017-12-24 16:58:17','2017-12-24 16:58:17'),(301,'304',13,'2017-12-24 16:58:17','2017-12-24 16:58:17'),(302,'305',13,'2017-12-24 16:58:17','2017-12-24 16:58:17'),(303,'306',13,'2017-12-24 16:58:17','2017-12-24 16:58:17'),(304,'307',13,'2017-12-24 16:58:17','2017-12-24 16:58:17'),(305,'308',13,'2017-12-24 16:58:17','2017-12-24 16:58:17'),(306,'309',13,'2017-12-24 16:58:17','2017-12-24 16:58:17'),(307,'310',13,'2017-12-24 16:58:17','2017-12-24 16:58:17'),(308,'311',13,'2017-12-24 16:58:17','2017-12-24 16:58:17'),(309,'312',13,'2017-12-24 16:58:17','2017-12-24 16:58:17'),(310,'313',13,'2017-12-24 16:58:17','2017-12-24 16:58:17'),(311,'401',13,'2017-12-24 16:58:17','2017-12-24 16:58:17'),(312,'402',13,'2017-12-24 16:58:17','2017-12-24 16:58:17'),(313,'403',13,'2017-12-24 16:58:17','2017-12-24 16:58:17'),(314,'404',13,'2017-12-24 16:58:17','2017-12-24 16:58:17'),(315,'405',13,'2017-12-24 16:58:17','2017-12-24 16:58:17'),(316,'406',13,'2017-12-24 16:58:17','2017-12-24 16:58:17'),(317,'407',13,'2017-12-24 16:58:17','2017-12-24 16:58:17'),(318,'408',13,'2017-12-24 16:58:17','2017-12-24 16:58:17'),(319,'409',13,'2017-12-24 16:58:17','2017-12-24 16:58:17'),(320,'410',13,'2017-12-24 16:58:17','2017-12-24 16:58:17'),(321,'411',13,'2017-12-24 16:58:17','2017-12-24 16:58:17'),(322,'412',13,'2017-12-24 16:58:17','2017-12-24 16:58:17'),(323,'413',13,'2017-12-24 16:58:17','2017-12-24 16:58:17'),(324,'501',13,'2017-12-24 16:58:17','2017-12-24 16:58:17'),(325,'502',13,'2017-12-24 16:58:17','2017-12-24 16:58:17'),(326,'503',13,'2017-12-24 16:58:17','2017-12-24 16:58:17'),(327,'504',13,'2017-12-24 16:58:17','2017-12-24 16:58:17'),(328,'505',13,'2017-12-24 16:58:17','2017-12-24 16:58:17'),(329,'506',13,'2017-12-24 16:58:17','2017-12-24 16:58:17'),(330,'507',13,'2017-12-24 16:58:17','2017-12-24 16:58:17'),(331,'508',13,'2017-12-24 16:58:17','2017-12-24 16:58:17'),(332,'509',13,'2017-12-24 16:58:17','2017-12-24 16:58:17'),(333,'510',13,'2017-12-24 16:58:17','2017-12-24 16:58:17'),(334,'511',13,'2017-12-24 16:58:17','2017-12-24 16:58:17'),(335,'512',13,'2017-12-24 16:58:17','2017-12-24 16:58:17'),(336,'513',13,'2017-12-24 16:58:17','2017-12-24 16:58:17'),(337,'101',14,'2017-12-24 16:58:28','2017-12-24 16:58:28'),(338,'102',14,'2017-12-24 16:58:28','2017-12-24 16:58:28'),(339,'103',14,'2017-12-24 16:58:28','2017-12-24 16:58:28'),(340,'104',14,'2017-12-24 16:58:28','2017-12-24 16:58:28'),(341,'105',14,'2017-12-24 16:58:28','2017-12-24 16:58:28'),(342,'106',14,'2017-12-24 16:58:28','2017-12-24 16:58:28'),(343,'107',14,'2017-12-24 16:58:28','2017-12-24 16:58:28'),(344,'108',14,'2017-12-24 16:58:28','2017-12-24 16:58:28'),(345,'109',14,'2017-12-24 16:58:28','2017-12-24 16:58:28'),(346,'110',14,'2017-12-24 16:58:28','2017-12-24 16:58:28'),(347,'111',14,'2017-12-24 16:58:28','2017-12-24 16:58:28'),(348,'112',14,'2017-12-24 16:58:28','2017-12-24 16:58:28'),(349,'113',14,'2017-12-24 16:58:28','2017-12-24 16:58:28'),(350,'201',14,'2017-12-24 16:58:28','2017-12-24 16:58:28'),(351,'202',14,'2017-12-24 16:58:28','2017-12-24 16:58:28'),(352,'203',14,'2017-12-24 16:58:28','2017-12-24 16:58:28'),(353,'204',14,'2017-12-24 16:58:28','2017-12-24 16:58:28'),(354,'205',14,'2017-12-24 16:58:28','2017-12-24 16:58:28'),(355,'206',14,'2017-12-24 16:58:28','2017-12-24 16:58:28'),(356,'207',14,'2017-12-24 16:58:28','2017-12-24 16:58:28'),(357,'208',14,'2017-12-24 16:58:28','2017-12-24 16:58:28'),(358,'209',14,'2017-12-24 16:58:28','2017-12-24 16:58:28'),(359,'210',14,'2017-12-24 16:58:28','2017-12-24 16:58:28'),(360,'211',14,'2017-12-24 16:58:28','2017-12-24 16:58:28'),(361,'212',14,'2017-12-24 16:58:28','2017-12-24 16:58:28'),(362,'213',14,'2017-12-24 16:58:28','2017-12-24 16:58:28'),(363,'301',14,'2017-12-24 16:58:28','2017-12-24 16:58:28'),(364,'302',14,'2017-12-24 16:58:28','2017-12-24 16:58:28'),(365,'303',14,'2017-12-24 16:58:28','2017-12-24 16:58:28'),(366,'304',14,'2017-12-24 16:58:28','2017-12-24 16:58:28'),(367,'305',14,'2017-12-24 16:58:28','2017-12-24 16:58:28'),(368,'306',14,'2017-12-24 16:58:28','2017-12-24 16:58:28'),(369,'307',14,'2017-12-24 16:58:28','2017-12-24 16:58:28'),(370,'308',14,'2017-12-24 16:58:28','2017-12-24 16:58:28'),(371,'309',14,'2017-12-24 16:58:28','2017-12-24 16:58:28'),(372,'310',14,'2017-12-24 16:58:28','2017-12-24 16:58:28'),(373,'311',14,'2017-12-24 16:58:28','2017-12-24 16:58:28'),(374,'312',14,'2017-12-24 16:58:28','2017-12-24 16:58:28'),(375,'313',14,'2017-12-24 16:58:28','2017-12-24 16:58:28'),(376,'401',14,'2017-12-24 16:58:28','2017-12-24 16:58:28'),(377,'402',14,'2017-12-24 16:58:28','2017-12-24 16:58:28'),(378,'403',14,'2017-12-24 16:58:28','2017-12-24 16:58:28'),(379,'404',14,'2017-12-24 16:58:28','2017-12-24 16:58:28'),(380,'405',14,'2017-12-24 16:58:28','2017-12-24 16:58:28'),(381,'406',14,'2017-12-24 16:58:28','2017-12-24 16:58:28'),(382,'407',14,'2017-12-24 16:58:28','2017-12-24 16:58:28'),(383,'408',14,'2017-12-24 16:58:28','2017-12-24 16:58:28'),(384,'409',14,'2017-12-24 16:58:28','2017-12-24 16:58:28'),(385,'410',14,'2017-12-24 16:58:28','2017-12-24 16:58:28'),(386,'411',14,'2017-12-24 16:58:28','2017-12-24 16:58:28'),(387,'412',14,'2017-12-24 16:58:28','2017-12-24 16:58:28'),(388,'413',14,'2017-12-24 16:58:28','2017-12-24 16:58:28'),(389,'501',14,'2017-12-24 16:58:28','2017-12-24 16:58:28'),(390,'502',14,'2017-12-24 16:58:28','2017-12-24 16:58:28'),(391,'503',14,'2017-12-24 16:58:28','2017-12-24 16:58:28'),(392,'504',14,'2017-12-24 16:58:28','2017-12-24 16:58:28'),(393,'505',14,'2017-12-24 16:58:28','2017-12-24 16:58:28'),(394,'506',14,'2017-12-24 16:58:28','2017-12-24 16:58:28'),(395,'507',14,'2017-12-24 16:58:28','2017-12-24 16:58:28'),(396,'508',14,'2017-12-24 16:58:28','2017-12-24 16:58:28'),(397,'509',14,'2017-12-24 16:58:28','2017-12-24 16:58:28'),(398,'510',14,'2017-12-24 16:58:28','2017-12-24 16:58:28'),(399,'511',14,'2017-12-24 16:58:28','2017-12-24 16:58:28'),(400,'512',14,'2017-12-24 16:58:28','2017-12-24 16:58:28'),(401,'513',14,'2017-12-24 16:58:28','2017-12-24 16:58:28'),(402,'101',15,'2017-12-24 16:58:39','2017-12-24 16:58:39'),(403,'102',15,'2017-12-24 16:58:39','2017-12-24 16:58:39'),(404,'103',15,'2017-12-24 16:58:39','2017-12-24 16:58:39'),(405,'104',15,'2017-12-24 16:58:39','2017-12-24 16:58:39'),(406,'105',15,'2017-12-24 16:58:39','2017-12-24 16:58:39'),(407,'106',15,'2017-12-24 16:58:39','2017-12-24 16:58:39'),(408,'107',15,'2017-12-24 16:58:39','2017-12-24 16:58:39'),(409,'108',15,'2017-12-24 16:58:39','2017-12-24 16:58:39'),(410,'109',15,'2017-12-24 16:58:39','2017-12-24 16:58:39'),(411,'110',15,'2017-12-24 16:58:39','2017-12-24 16:58:39'),(412,'111',15,'2017-12-24 16:58:39','2017-12-24 16:58:39'),(413,'112',15,'2017-12-24 16:58:39','2017-12-24 16:58:39'),(414,'113',15,'2017-12-24 16:58:39','2017-12-24 16:58:39'),(415,'201',15,'2017-12-24 16:58:39','2017-12-24 16:58:39'),(416,'202',15,'2017-12-24 16:58:39','2017-12-24 16:58:39'),(417,'203',15,'2017-12-24 16:58:39','2017-12-24 16:58:39'),(418,'204',15,'2017-12-24 16:58:39','2017-12-24 16:58:39'),(419,'205',15,'2017-12-24 16:58:39','2017-12-24 16:58:39'),(420,'206',15,'2017-12-24 16:58:39','2017-12-24 16:58:39'),(421,'207',15,'2017-12-24 16:58:39','2017-12-24 16:58:39'),(422,'208',15,'2017-12-24 16:58:39','2017-12-24 16:58:39'),(423,'209',15,'2017-12-24 16:58:39','2017-12-24 16:58:39'),(424,'210',15,'2017-12-24 16:58:39','2017-12-24 16:58:39'),(425,'211',15,'2017-12-24 16:58:39','2017-12-24 16:58:39'),(426,'212',15,'2017-12-24 16:58:39','2017-12-24 16:58:39'),(427,'213',15,'2017-12-24 16:58:39','2017-12-24 16:58:39'),(428,'301',15,'2017-12-24 16:58:39','2017-12-24 16:58:39'),(429,'302',15,'2017-12-24 16:58:39','2017-12-24 16:58:39'),(430,'303',15,'2017-12-24 16:58:39','2017-12-24 16:58:39'),(431,'304',15,'2017-12-24 16:58:39','2017-12-24 16:58:39'),(432,'305',15,'2017-12-24 16:58:39','2017-12-24 16:58:39'),(433,'306',15,'2017-12-24 16:58:39','2017-12-24 16:58:39'),(434,'307',15,'2017-12-24 16:58:39','2017-12-24 16:58:39'),(435,'308',15,'2017-12-24 16:58:39','2017-12-24 16:58:39'),(436,'309',15,'2017-12-24 16:58:39','2017-12-24 16:58:39'),(437,'310',15,'2017-12-24 16:58:39','2017-12-24 16:58:39'),(438,'311',15,'2017-12-24 16:58:39','2017-12-24 16:58:39'),(439,'312',15,'2017-12-24 16:58:39','2017-12-24 16:58:39'),(440,'313',15,'2017-12-24 16:58:39','2017-12-24 16:58:39'),(441,'401',15,'2017-12-24 16:58:39','2017-12-24 16:58:39'),(442,'402',15,'2017-12-24 16:58:39','2017-12-24 16:58:39'),(443,'403',15,'2017-12-24 16:58:39','2017-12-24 16:58:39'),(444,'404',15,'2017-12-24 16:58:39','2017-12-24 16:58:39'),(445,'405',15,'2017-12-24 16:58:39','2017-12-24 16:58:39'),(446,'406',15,'2017-12-24 16:58:39','2017-12-24 16:58:39'),(447,'407',15,'2017-12-24 16:58:39','2017-12-24 16:58:39'),(448,'408',15,'2017-12-24 16:58:39','2017-12-24 16:58:39'),(449,'409',15,'2017-12-24 16:58:39','2017-12-24 16:58:39'),(450,'410',15,'2017-12-24 16:58:39','2017-12-24 16:58:39'),(451,'411',15,'2017-12-24 16:58:39','2017-12-24 16:58:39'),(452,'412',15,'2017-12-24 16:58:39','2017-12-24 16:58:39'),(453,'413',15,'2017-12-24 16:58:39','2017-12-24 16:58:39'),(454,'501',15,'2017-12-24 16:58:39','2017-12-24 16:58:39'),(455,'502',15,'2017-12-24 16:58:39','2017-12-24 16:58:39'),(456,'503',15,'2017-12-24 16:58:39','2017-12-24 16:58:39'),(457,'504',15,'2017-12-24 16:58:39','2017-12-24 16:58:39'),(458,'505',15,'2017-12-24 16:58:39','2017-12-24 16:58:39'),(459,'506',15,'2017-12-24 16:58:39','2017-12-24 16:58:39'),(460,'507',15,'2017-12-24 16:58:39','2017-12-24 16:58:39'),(461,'508',15,'2017-12-24 16:58:39','2017-12-24 16:58:39'),(462,'509',15,'2017-12-24 16:58:39','2017-12-24 16:58:39'),(463,'510',15,'2017-12-24 16:58:39','2017-12-24 16:58:39'),(464,'511',15,'2017-12-24 16:58:39','2017-12-24 16:58:39'),(465,'512',15,'2017-12-24 16:58:39','2017-12-24 16:58:39'),(466,'513',15,'2017-12-24 16:58:39','2017-12-24 16:58:39'),(467,'101',16,'2017-12-24 17:00:03','2017-12-24 17:00:03'),(468,'102',16,'2017-12-24 17:00:03','2017-12-24 17:00:03'),(469,'103',16,'2017-12-24 17:00:03','2017-12-24 17:00:03'),(470,'104',16,'2017-12-24 17:00:03','2017-12-24 17:00:03'),(471,'105',16,'2017-12-24 17:00:03','2017-12-24 17:00:03'),(472,'106',16,'2017-12-24 17:00:03','2017-12-24 17:00:03'),(473,'107',16,'2017-12-24 17:00:03','2017-12-24 17:00:03'),(474,'108',16,'2017-12-24 17:00:03','2017-12-24 17:00:03'),(475,'109',16,'2017-12-24 17:00:03','2017-12-24 17:00:03'),(476,'110',16,'2017-12-24 17:00:03','2017-12-24 17:00:03'),(477,'111',16,'2017-12-24 17:00:03','2017-12-24 17:00:03'),(478,'112',16,'2017-12-24 17:00:03','2017-12-24 17:00:03'),(479,'113',16,'2017-12-24 17:00:03','2017-12-24 17:00:03'),(480,'114',16,'2017-12-24 17:00:03','2017-12-24 17:00:03'),(481,'115',16,'2017-12-24 17:00:03','2017-12-24 17:00:03'),(482,'201',16,'2017-12-24 17:00:03','2017-12-24 17:00:03'),(483,'202',16,'2017-12-24 17:00:03','2017-12-24 17:00:03'),(484,'203',16,'2017-12-24 17:00:03','2017-12-24 17:00:03'),(485,'204',16,'2017-12-24 17:00:03','2017-12-24 17:00:03'),(486,'205',16,'2017-12-24 17:00:03','2017-12-24 17:00:03'),(487,'206',16,'2017-12-24 17:00:03','2017-12-24 17:00:03'),(488,'207',16,'2017-12-24 17:00:03','2017-12-24 17:00:03'),(489,'208',16,'2017-12-24 17:00:03','2017-12-24 17:00:03'),(490,'209',16,'2017-12-24 17:00:03','2017-12-24 17:00:03'),(491,'210',16,'2017-12-24 17:00:03','2017-12-24 17:00:03'),(492,'211',16,'2017-12-24 17:00:03','2017-12-24 17:00:03'),(493,'212',16,'2017-12-24 17:00:03','2017-12-24 17:00:03'),(494,'213',16,'2017-12-24 17:00:03','2017-12-24 17:00:03'),(495,'214',16,'2017-12-24 17:00:03','2017-12-24 17:00:03'),(496,'215',16,'2017-12-24 17:00:03','2017-12-24 17:00:03'),(497,'301',16,'2017-12-24 17:00:03','2017-12-24 17:00:03'),(498,'302',16,'2017-12-24 17:00:03','2017-12-24 17:00:03'),(499,'303',16,'2017-12-24 17:00:03','2017-12-24 17:00:03'),(500,'304',16,'2017-12-24 17:00:03','2017-12-24 17:00:03'),(501,'305',16,'2017-12-24 17:00:03','2017-12-24 17:00:03'),(502,'306',16,'2017-12-24 17:00:03','2017-12-24 17:00:03'),(503,'307',16,'2017-12-24 17:00:03','2017-12-24 17:00:03'),(504,'308',16,'2017-12-24 17:00:03','2017-12-24 17:00:03'),(505,'309',16,'2017-12-24 17:00:03','2017-12-24 17:00:03'),(506,'310',16,'2017-12-24 17:00:03','2017-12-24 17:00:03'),(507,'311',16,'2017-12-24 17:00:03','2017-12-24 17:00:03'),(508,'312',16,'2017-12-24 17:00:03','2017-12-24 17:00:03'),(509,'313',16,'2017-12-24 17:00:03','2017-12-24 17:00:03'),(510,'314',16,'2017-12-24 17:00:03','2017-12-24 17:00:03'),(511,'315',16,'2017-12-24 17:00:03','2017-12-24 17:00:03'),(512,'401',16,'2017-12-24 17:00:03','2017-12-24 17:00:03'),(513,'402',16,'2017-12-24 17:00:03','2017-12-24 17:00:03'),(514,'403',16,'2017-12-24 17:00:03','2017-12-24 17:00:03'),(515,'404',16,'2017-12-24 17:00:03','2017-12-24 17:00:03'),(516,'405',16,'2017-12-24 17:00:03','2017-12-24 17:00:03'),(517,'406',16,'2017-12-24 17:00:03','2017-12-24 17:00:03'),(518,'407',16,'2017-12-24 17:00:03','2017-12-24 17:00:03'),(519,'408',16,'2017-12-24 17:00:03','2017-12-24 17:00:03'),(520,'409',16,'2017-12-24 17:00:03','2017-12-24 17:00:03'),(521,'410',16,'2017-12-24 17:00:03','2017-12-24 17:00:03'),(522,'411',16,'2017-12-24 17:00:03','2017-12-24 17:00:03'),(523,'412',16,'2017-12-24 17:00:03','2017-12-24 17:00:03'),(524,'413',16,'2017-12-24 17:00:03','2017-12-24 17:00:03'),(525,'414',16,'2017-12-24 17:00:03','2017-12-24 17:00:03'),(526,'415',16,'2017-12-24 17:00:03','2017-12-24 17:00:03'),(527,'501',16,'2017-12-24 17:00:03','2017-12-24 17:00:03'),(528,'502',16,'2017-12-24 17:00:03','2017-12-24 17:00:03'),(529,'503',16,'2017-12-24 17:00:03','2017-12-24 17:00:03'),(530,'504',16,'2017-12-24 17:00:03','2017-12-24 17:00:03'),(531,'505',16,'2017-12-24 17:00:03','2017-12-24 17:00:03'),(532,'506',16,'2017-12-24 17:00:03','2017-12-24 17:00:03'),(533,'507',16,'2017-12-24 17:00:03','2017-12-24 17:00:03'),(534,'508',16,'2017-12-24 17:00:03','2017-12-24 17:00:03'),(535,'509',16,'2017-12-24 17:00:03','2017-12-24 17:00:03'),(536,'510',16,'2017-12-24 17:00:03','2017-12-24 17:00:03'),(537,'511',16,'2017-12-24 17:00:03','2017-12-24 17:00:03'),(538,'512',16,'2017-12-24 17:00:03','2017-12-24 17:00:03'),(539,'513',16,'2017-12-24 17:00:03','2017-12-24 17:00:03'),(540,'514',16,'2017-12-24 17:00:03','2017-12-24 17:00:03'),(541,'515',16,'2017-12-24 17:00:03','2017-12-24 17:00:03');
/*!40000 ALTER TABLE `rooms` ENABLE KEYS */;
UNLOCK TABLES;

--
-- Table structure for table `settings`
--

DROP TABLE IF EXISTS `settings`;
/*!40101 SET @saved_cs_client     = @@character_set_client */;
/*!40101 SET character_set_client = utf8 */;
CREATE TABLE `settings` (
  `id` int(10) unsigned NOT NULL AUTO_INCREMENT,
  `key` varchar(191) COLLATE utf8mb4_unicode_ci NOT NULL,
  `value` longtext COLLATE utf8mb4_unicode_ci NOT NULL,
  `created_at` timestamp NULL DEFAULT NULL,
  `updated_at` timestamp NULL DEFAULT NULL,
  `name` varchar(191) COLLATE utf8mb4_unicode_ci NOT NULL COMMENT '配置项中文名称',
  PRIMARY KEY (`id`),
  UNIQUE KEY `settings_key_unique` (`key`)
) ENGINE=InnoDB AUTO_INCREMENT=14 DEFAULT CHARSET=utf8mb4 COLLATE=utf8mb4_unicode_ci;
/*!40101 SET character_set_client = @saved_cs_client */;

--
-- Dumping data for table `settings`
--

LOCK TABLES `settings` WRITE;
/*!40000 ALTER TABLE `settings` DISABLE KEYS */;
INSERT INTO `settings` VALUES (10,'school_name','广东财经大学华商学院','2018-02-22 21:23:13','2018-02-22 21:37:58','院校名称'),(11,'last_semester_start','2017-09-01','2018-02-22 21:29:08','2018-02-22 21:29:08','上学期开学日期'),(12,'next_semester_start','2018-03-01','2018-02-22 21:29:24','2018-02-22 21:29:24','下学期开学日期'),(13,'school_year','2017-2018','2018-02-22 21:31:22','2018-02-22 21:31:22','学年');
/*!40000 ALTER TABLE `settings` ENABLE KEYS */;
UNLOCK TABLES;

--
-- Table structure for table `sign_ins`
--

DROP TABLE IF EXISTS `sign_ins`;
/*!40101 SET @saved_cs_client     = @@character_set_client */;
/*!40101 SET character_set_client = utf8 */;
CREATE TABLE `sign_ins` (
  `id` int(10) unsigned NOT NULL AUTO_INCREMENT COMMENT '签到id',
  `stu_id` int(10) unsigned NOT NULL COMMENT '签到学生',
  `created_at` timestamp NULL DEFAULT NULL,
  `updated_at` timestamp NULL DEFAULT NULL,
  `att_id` int(10) unsigned NOT NULL,
  PRIMARY KEY (`id`),
  KEY `sign_ins_stu_id_index` (`stu_id`),
  KEY `sign_ins_att_id_foreign` (`att_id`),
  CONSTRAINT `sign_ins_att_id_foreign` FOREIGN KEY (`att_id`) REFERENCES `attendances` (`id`) ON DELETE CASCADE,
  CONSTRAINT `sign_ins_stu_id_foreign` FOREIGN KEY (`stu_id`) REFERENCES `students` (`id`) ON DELETE CASCADE
) ENGINE=InnoDB AUTO_INCREMENT=814 DEFAULT CHARSET=utf8mb4 COLLATE=utf8mb4_unicode_ci;
/*!40101 SET character_set_client = @saved_cs_client */;

--
-- Dumping data for table `sign_ins`
--

LOCK TABLES `sign_ins` WRITE;
/*!40000 ALTER TABLE `sign_ins` DISABLE KEYS */;
INSERT INTO `sign_ins` VALUES (813,1,'2018-02-22 04:40:41','2018-02-22 04:40:41',243);
/*!40000 ALTER TABLE `sign_ins` ENABLE KEYS */;
UNLOCK TABLES;

--
-- Table structure for table `specialities`
--

DROP TABLE IF EXISTS `specialities`;
/*!40101 SET @saved_cs_client     = @@character_set_client */;
/*!40101 SET character_set_client = utf8 */;
CREATE TABLE `specialities` (
  `id` int(10) unsigned NOT NULL AUTO_INCREMENT COMMENT '专业id',
  `spe_name` varchar(191) COLLATE utf8mb4_unicode_ci NOT NULL COMMENT '专业名',
  `desc` text COLLATE utf8mb4_unicode_ci COMMENT '介绍',
  `depar_id` int(10) unsigned NOT NULL COMMENT '所属院系id',
  `created_at` timestamp NULL DEFAULT NULL,
  `updated_at` timestamp NULL DEFAULT NULL,
  PRIMARY KEY (`id`),
  KEY `specialities_depar_id_foreign` (`depar_id`),
  CONSTRAINT `specialities_depar_id_foreign` FOREIGN KEY (`depar_id`) REFERENCES `departments` (`id`) ON DELETE CASCADE
) ENGINE=InnoDB AUTO_INCREMENT=10 DEFAULT CHARSET=utf8mb4 COLLATE=utf8mb4_unicode_ci;
/*!40101 SET character_set_client = @saved_cs_client */;

--
-- Dumping data for table `specialities`
--

LOCK TABLES `specialities` WRITE;
/*!40000 ALTER TABLE `specialities` DISABLE KEYS */;
INSERT INTO `specialities` VALUES (6,'信息与管理','测试',1,'2017-12-18 11:28:47','2017-12-18 11:28:47'),(7,'电子商务','电子商务',1,'2017-12-19 05:35:02','2017-12-19 05:35:02'),(8,'计算机科学与技术','123',1,'2017-12-19 08:23:49','2017-12-19 08:23:49'),(9,'审计会计','666',3,'2018-02-04 22:41:50','2018-02-04 22:41:50');
/*!40000 ALTER TABLE `specialities` ENABLE KEYS */;
UNLOCK TABLES;

--
-- Table structure for table `students`
--

DROP TABLE IF EXISTS `students`;
/*!40101 SET @saved_cs_client     = @@character_set_client */;
/*!40101 SET character_set_client = utf8 */;
CREATE TABLE `students` (
  `id` int(10) unsigned NOT NULL AUTO_INCREMENT COMMENT '学生id',
  `class_id` int(10) unsigned NOT NULL COMMENT '所属班id',
  `created_at` timestamp NULL DEFAULT NULL,
  `updated_at` timestamp NULL DEFAULT NULL,
  `user_id` int(10) unsigned NOT NULL COMMENT '关联的用户id',
  `sign_num` int(11) NOT NULL DEFAULT '0' COMMENT '签到次数',
  `att_num` int(11) NOT NULL DEFAULT '0' COMMENT '接受的考勤次数',
  `leave_num` int(11) NOT NULL DEFAULT '0' COMMENT '请假次数',
  PRIMARY KEY (`id`),
  KEY `students_class_id_foreign` (`class_id`),
  KEY `students_user_id_index` (`user_id`),
  CONSTRAINT `students_class_id_foreign` FOREIGN KEY (`class_id`) REFERENCES `classes` (`id`) ON DELETE CASCADE,
  CONSTRAINT `students_user_id_foreign` FOREIGN KEY (`user_id`) REFERENCES `users` (`id`) ON DELETE CASCADE
) ENGINE=InnoDB AUTO_INCREMENT=83 DEFAULT CHARSET=utf8mb4 COLLATE=utf8mb4_unicode_ci;
/*!40101 SET character_set_client = @saved_cs_client */;

--
-- Dumping data for table `students`
--

LOCK TABLES `students` WRITE;
/*!40000 ALTER TABLE `students` DISABLE KEYS */;
INSERT INTO `students` VALUES (1,10,'2017-12-21 11:49:51','2018-02-22 04:40:41',53,5,5,0),(2,10,'2017-12-21 11:49:52','2018-02-17 21:41:46',54,1,5,2),(3,10,'2017-12-21 11:49:52','2017-12-21 11:49:52',55,0,5,0),(4,9,'2018-02-04 22:38:45','2018-02-04 22:38:45',58,0,0,0),(5,9,'2018-02-04 22:38:45','2018-02-04 22:38:45',59,0,0,0),(6,9,'2018-02-04 22:38:45','2018-02-04 22:38:45',60,0,0,0),(7,9,'2018-02-04 22:38:45','2018-02-04 22:38:45',61,0,0,0),(8,9,'2018-02-04 22:38:45','2018-02-04 22:38:45',62,0,0,0),(9,9,'2018-02-04 22:38:45','2018-02-04 22:38:45',63,0,0,0),(10,9,'2018-02-04 22:38:45','2018-02-04 22:38:45',64,0,0,0),(11,9,'2018-02-04 22:38:46','2018-02-04 22:38:46',65,0,0,0),(12,9,'2018-02-04 22:38:46','2018-02-04 22:38:46',66,0,0,0),(13,3,'2018-02-04 22:40:29','2018-02-04 22:40:29',67,0,0,0),(14,3,'2018-02-04 22:40:29','2018-02-04 22:40:29',68,0,0,0),(15,3,'2018-02-04 22:40:29','2018-02-04 22:40:29',69,0,0,0),(16,3,'2018-02-04 22:40:29','2018-02-04 22:40:29',70,0,0,0),(17,3,'2018-02-04 22:40:29','2018-02-04 22:40:29',71,0,0,0),(18,3,'2018-02-04 22:40:29','2018-02-04 22:40:29',72,0,0,0),(19,3,'2018-02-04 22:40:29','2018-02-04 22:40:29',73,0,0,0),(20,3,'2018-02-04 22:40:29','2018-02-04 22:40:29',74,0,0,0),(21,3,'2018-02-04 22:40:30','2018-02-04 22:40:30',75,0,0,0),(22,3,'2018-02-04 22:41:02','2018-02-04 22:41:02',76,0,0,0),(23,3,'2018-02-04 22:41:02','2018-02-04 22:41:02',77,0,0,0),(24,3,'2018-02-04 22:41:03','2018-02-04 22:41:03',78,0,0,0),(25,3,'2018-02-04 22:41:03','2018-02-04 22:41:03',79,0,0,0),(26,3,'2018-02-04 22:41:03','2018-02-04 22:41:03',80,0,0,0),(27,3,'2018-02-04 22:41:03','2018-02-04 22:41:03',81,0,0,0),(28,3,'2018-02-04 22:41:03','2018-02-04 22:41:03',82,0,0,0),(29,3,'2018-02-04 22:41:03','2018-02-04 22:41:03',83,0,0,0),(30,3,'2018-02-04 22:41:03','2018-02-04 22:41:03',84,0,0,0),(31,11,'2018-02-04 22:50:25','2018-02-04 22:50:25',85,0,0,0),(32,11,'2018-02-04 22:50:25','2018-02-04 22:50:25',86,0,0,0),(33,11,'2018-02-04 22:50:25','2018-02-04 22:50:25',87,0,0,0),(34,11,'2018-02-04 22:50:25','2018-02-04 22:50:25',88,0,0,0),(35,11,'2018-02-04 22:50:25','2018-02-04 22:50:25',89,0,0,0),(36,11,'2018-02-04 22:50:25','2018-02-04 22:50:25',90,0,0,0),(37,11,'2018-02-04 22:50:25','2018-02-04 22:50:25',91,0,0,0),(38,11,'2018-02-04 22:50:25','2018-02-04 22:50:25',92,0,0,0),(39,11,'2018-02-04 22:50:25','2018-02-04 22:50:25',93,0,0,0),(40,12,'2018-02-04 22:50:56','2018-02-04 22:50:56',94,0,0,0),(41,12,'2018-02-04 22:50:56','2018-02-04 22:50:56',95,0,0,0),(42,12,'2018-02-04 22:50:56','2018-02-04 22:50:56',96,0,0,0),(43,12,'2018-02-04 22:50:56','2018-02-04 22:50:56',97,0,0,0),(44,12,'2018-02-04 22:50:56','2018-02-04 22:50:56',98,0,0,0),(45,12,'2018-02-04 22:50:56','2018-02-04 22:50:56',99,0,0,0),(46,12,'2018-02-04 22:50:56','2018-02-04 22:50:56',100,0,0,0),(47,12,'2018-02-04 22:50:56','2018-02-04 22:50:56',101,0,0,0),(48,12,'2018-02-04 22:50:56','2018-02-04 22:50:56',102,0,0,0),(49,13,'2018-02-04 22:51:27','2018-02-04 22:51:27',103,0,0,0),(50,13,'2018-02-04 22:51:27','2018-02-04 22:51:27',104,0,0,0),(51,13,'2018-02-04 22:51:27','2018-02-04 22:51:27',105,0,0,0),(52,13,'2018-02-04 22:51:27','2018-02-04 22:51:27',106,0,0,0),(53,13,'2018-02-04 22:51:27','2018-02-04 22:51:27',107,0,0,0),(54,13,'2018-02-04 22:51:27','2018-02-04 22:51:27',108,0,0,0),(55,13,'2018-02-04 22:51:27','2018-02-04 22:51:27',109,0,0,0),(56,13,'2018-02-04 22:51:28','2018-02-04 22:51:28',110,0,0,0),(57,13,'2018-02-04 22:51:28','2018-02-04 22:51:28',111,0,0,0),(58,14,'2018-02-08 03:25:25','2018-02-08 03:25:25',116,0,0,0),(59,14,'2018-02-08 03:25:25','2018-02-08 03:25:25',117,0,0,0),(60,14,'2018-02-08 03:25:25','2018-02-08 03:25:25',118,0,0,0),(61,14,'2018-02-08 03:25:25','2018-02-08 03:25:25',119,0,0,0),(62,14,'2018-02-08 03:25:25','2018-02-08 03:25:25',120,0,0,0),(63,14,'2018-02-08 03:25:25','2018-02-08 03:25:25',121,0,0,0),(64,14,'2018-02-08 03:25:25','2018-02-08 03:25:25',122,0,0,0),(65,16,'2018-02-08 03:26:40','2018-02-08 03:26:40',123,0,0,0),(66,16,'2018-02-08 03:26:40','2018-02-08 03:26:40',124,0,0,0),(67,16,'2018-02-08 03:26:40','2018-02-08 03:26:40',125,0,0,0),(68,16,'2018-02-08 03:26:40','2018-02-08 03:26:40',126,0,0,0),(69,16,'2018-02-08 03:26:40','2018-02-08 03:26:40',127,0,0,0),(70,16,'2018-02-08 03:26:40','2018-02-08 03:26:40',128,0,0,0),(71,16,'2018-02-08 03:26:40','2018-02-08 03:26:40',129,0,0,0),(72,16,'2018-02-08 03:26:40','2018-02-08 03:26:40',130,0,0,0),(73,16,'2018-02-08 03:26:40','2018-02-08 03:26:40',131,0,0,0),(74,10,'2018-02-22 04:04:40','2018-02-22 04:04:40',132,0,2,0),(75,10,'2018-02-22 04:04:40','2018-02-22 04:04:40',133,0,2,0),(76,10,'2018-02-22 04:04:40','2018-02-22 04:04:40',134,0,2,0),(77,10,'2018-02-22 04:04:40','2018-02-22 04:04:40',135,0,2,0),(78,10,'2018-02-22 04:04:40','2018-02-22 04:04:40',136,0,2,0),(79,10,'2018-02-22 04:04:40','2018-02-22 04:04:40',137,0,2,0),(80,10,'2018-02-22 04:04:40','2018-02-22 04:04:40',138,0,2,0),(81,10,'2018-02-22 04:04:40','2018-02-22 04:04:40',139,0,2,0),(82,10,'2018-02-22 04:04:40','2018-02-22 04:04:40',140,0,2,0);
/*!40000 ALTER TABLE `students` ENABLE KEYS */;
UNLOCK TABLES;

--
-- Table structure for table `teachers`
--

DROP TABLE IF EXISTS `teachers`;
/*!40101 SET @saved_cs_client     = @@character_set_client */;
/*!40101 SET character_set_client = utf8 */;
CREATE TABLE `teachers` (
  `id` int(10) unsigned NOT NULL AUTO_INCREMENT,
  `spe_id` int(10) unsigned NOT NULL COMMENT '关联专业id',
  `user_id` int(10) unsigned NOT NULL COMMENT '关联的用户id',
  `created_at` timestamp NULL DEFAULT NULL,
  `updated_at` timestamp NULL DEFAULT NULL,
  PRIMARY KEY (`id`),
  KEY `teachers_spe_id_index` (`spe_id`),
  KEY `teachers_user_id_index` (`user_id`),
  CONSTRAINT `teachers_spe_id_foreign` FOREIGN KEY (`spe_id`) REFERENCES `specialities` (`id`) ON DELETE CASCADE,
  CONSTRAINT `teachers_user_id_foreign` FOREIGN KEY (`user_id`) REFERENCES `users` (`id`) ON DELETE CASCADE
) ENGINE=InnoDB AUTO_INCREMENT=3 DEFAULT CHARSET=utf8mb4 COLLATE=utf8mb4_unicode_ci;
/*!40101 SET character_set_client = @saved_cs_client */;

--
-- Dumping data for table `teachers`
--

LOCK TABLES `teachers` WRITE;
/*!40000 ALTER TABLE `teachers` DISABLE KEYS */;
INSERT INTO `teachers` VALUES (1,6,56,'2017-12-21 15:49:32','2017-12-21 15:49:32'),(2,6,57,'2017-12-21 15:49:32','2017-12-21 15:49:32');
/*!40000 ALTER TABLE `teachers` ENABLE KEYS */;
UNLOCK TABLES;

--
-- Table structure for table `users`
--

DROP TABLE IF EXISTS `users`;
/*!40101 SET @saved_cs_client     = @@character_set_client */;
/*!40101 SET character_set_client = utf8 */;
CREATE TABLE `users` (
  `id` int(10) unsigned NOT NULL AUTO_INCREMENT,
  `name` varchar(191) COLLATE utf8mb4_unicode_ci NOT NULL,
  `email` varchar(191) COLLATE utf8mb4_unicode_ci NOT NULL,
  `password` varchar(191) COLLATE utf8mb4_unicode_ci NOT NULL,
  `remember_token` varchar(100) COLLATE utf8mb4_unicode_ci DEFAULT NULL,
  `created_at` timestamp NULL DEFAULT NULL,
  `updated_at` timestamp NULL DEFAULT NULL,
  `headshot` blob COMMENT '头像',
  PRIMARY KEY (`id`),
  UNIQUE KEY `users_email_unique` (`email`)
) ENGINE=InnoDB AUTO_INCREMENT=141 DEFAULT CHARSET=utf8mb4 COLLATE=utf8mb4_unicode_ci;
/*!40101 SET character_set_client = @saved_cs_client */;

--
-- Dumping data for table `users`
--

LOCK TABLES `users` WRITE;
/*!40000 ALTER TABLE `users` DISABLE KEYS */;
INSERT INTO `users` VALUES (1,'lotiger','lotiger@lotiger.cn','$2y$10$dXI9EfKUV4TqE3EdhMYP7uxx0gC9eu.g62a/Ggkb9JU2MGnR5LUYG','9PxqmON7CyG9oY5YK5Hj8yz2Q8W1sqLc0mS68m1xeb1u2pNtliDDv2HSQrvQ','2017-11-26 05:40:38','2018-02-22 22:50:27',NULL),(53,'','123123','$2y$10$1jTj3IZiEAuYUn.vpysM0eYO/xrf5qDus.wMYBIITy4nvAQKO2Bha',NULL,'2017-12-21 11:49:51','2018-02-22 23:30:10',NULL),(54,'小明','123124','$2y$10$qdtjXcrq8aCGQvXDSIoWrunxxpHnmTrh7SlR9iSZfxPaMW4zgSuBy',NULL,'2017-12-21 11:49:52','2017-12-21 11:49:52',NULL),(55,'小花','123125','$2y$10$pRWjXldoR4yczCaQDzmbh.Y9qget79R9L1mubMR.0eMroug9hAs9y',NULL,'2017-12-21 11:49:52','2017-12-21 11:49:52',NULL),(56,'李老师','111000','$2y$10$hKoSWchqQlZfmVGAtu2Tceg7YoGiYzvvfwo6K/HYvwJ.4HiJexqBe',NULL,'2017-12-21 15:49:32','2017-12-21 15:49:32',NULL),(57,'王老师','111001','$2y$10$RaSwRRw53ELtv2nbX6n1JecXVYpfoEIEbS3.D5fSWMcIkSkQg8HEa',NULL,'2017-12-21 15:49:32','2017-12-21 15:49:32',NULL),(58,'小李','123210','$2y$10$it4zNhONHSQhFZOEZyHa..C8fdMdDdCDb3O1txIKSvxu3Oss.rOxi',NULL,'2018-02-04 22:38:45','2018-02-04 22:38:45',NULL),(59,'小明','123211','$2y$10$sXvv14ZF7y6Jsx2yW6Cis.fMIeZwJk6fD8OillafMAx2W8bX5hd.S',NULL,'2018-02-04 22:38:45','2018-02-04 22:38:45',NULL),(60,'小花','123212','$2y$10$IPXEEmz9p.sfLa52Enft3ORA5f43J/3MWk7jzGh/ICIPT4mmgLwp6',NULL,'2018-02-04 22:38:45','2018-02-04 22:38:45',NULL),(61,'小华','123213','$2y$10$npLwiFhCYYqG2t/cxFQBqOhr6vcLQU7PHyW8RaCK8DXkihLYweOLy',NULL,'2018-02-04 22:38:45','2018-02-04 22:38:45',NULL),(62,'小李','123214','$2y$10$2AXXiPem4vF5yPg8nTKSL.aNcZQZRathB1mcI64aj7OgALcDCyG.2',NULL,'2018-02-04 22:38:45','2018-02-04 22:38:45',NULL),(63,'小菜','123215','$2y$10$5NMPKg.5uEgM8L4Nf4leieB/tT9tP1kN1Uo1KiaLkwGlL1EWByi3y',NULL,'2018-02-04 22:38:45','2018-02-04 22:38:45',NULL),(64,'小朱','123216','$2y$10$TZM6y3VJCAoITaOat4/1w.8SkkL2khaVaJABKYlPZmf9orICQudg2',NULL,'2018-02-04 22:38:45','2018-02-04 22:38:45',NULL),(65,'小林','123217','$2y$10$kG4cijgOvm39u1WaDXf75u9s83A.kHO1w.6RK.TRTSWitM/axuMPS',NULL,'2018-02-04 22:38:46','2018-02-04 22:38:46',NULL),(66,'小王','123218','$2y$10$3Sd7RyVxEUSX1uv0z92cqOfm/Lwhg44PsNKB2XW4uSCsZXOFPSFYO',NULL,'2018-02-04 22:38:46','2018-02-04 22:38:46',NULL),(67,'小李','123220','$2y$10$s.l1cVJ958OpXOWvZP74XuAXO7I4KSPK9xtQfEHufSFDbbXhlRyoa',NULL,'2018-02-04 22:40:29','2018-02-04 22:40:29',NULL),(68,'小明','123221','$2y$10$BcwPuR9MIwZP1LljaOxO6udPM3beVV3aU2bXCjKXzXV5PnMvLh.oi',NULL,'2018-02-04 22:40:29','2018-02-04 22:40:29',NULL),(69,'小花','123222','$2y$10$y/zFW7xCrRRjsSYfy98rbevhq9xeaHfAZfnjiKm8mnX2S4wzI1E9.',NULL,'2018-02-04 22:40:29','2018-02-04 22:40:29',NULL),(70,'小华','123223','$2y$10$R9fw4yWP2edWZOdtwG64g.GEPAtMEIQ4/m2DHgwCrx234kbRWyDw2',NULL,'2018-02-04 22:40:29','2018-02-04 22:40:29',NULL),(71,'小李','123224','$2y$10$WES4bL6PhvzUWN24BmJGDeLCSS9nSISoD3oHMfB6FNNEYe.JLa4r2',NULL,'2018-02-04 22:40:29','2018-02-04 22:40:29',NULL),(72,'小菜','123225','$2y$10$i7yb2PChSIXEQO0wz5hmHe.PWx6ZIoVV8YEShxUZPCQwLz5RRN7Mm',NULL,'2018-02-04 22:40:29','2018-02-04 22:40:29',NULL),(73,'小朱','123226','$2y$10$Eyg5FdbVxltF.Yj5D6ZkoOt3TzdRt80BL/KUMp8sE6UbJt0NVzs6C',NULL,'2018-02-04 22:40:29','2018-02-04 22:40:29',NULL),(74,'小林','123227','$2y$10$bj85eXKGw60lKA0aw/S7oOBGiyYU.oFoA3ADCTarEp6j7atoB42Te',NULL,'2018-02-04 22:40:29','2018-02-04 22:40:29',NULL),(75,'小王','123228','$2y$10$2MqXbLRrzFpHUQ2JuMyltO9orW05WkrNebqcKRHZ37ncFM9rWbwhy',NULL,'2018-02-04 22:40:30','2018-02-04 22:40:30',NULL),(76,'小李','123230','$2y$10$YYCeSWZ0eEEvLVHmxj/TsOyhRU7bIO46qCUvTFI/58mGJEbGrX2na',NULL,'2018-02-04 22:41:02','2018-02-04 22:41:02',NULL),(77,'小明','123231','$2y$10$8GxxtywnuD.5ogAk5Y.Sk.7QR/XQeaaGjYQ4m0zNtsgu1wiPq6RMq',NULL,'2018-02-04 22:41:02','2018-02-04 22:41:02',NULL),(78,'小花','123232','$2y$10$dIXDItNe5u8TOSG4IxndxuVJCODF/O8xDVWxr13GBvfukUvuVUxxC',NULL,'2018-02-04 22:41:03','2018-02-04 22:41:03',NULL),(79,'小华','123233','$2y$10$tPjYNLlJUxciz1.jmeWulOE2GUmYhE.9Cn4WLNtOpLz4JqKHrdM/y',NULL,'2018-02-04 22:41:03','2018-02-04 22:41:03',NULL),(80,'小李','123234','$2y$10$XbmAGu8sd1oHRiLE9jY5hu5yzAsl3RKV1huJYFy1s5z9Mo4ehOexi',NULL,'2018-02-04 22:41:03','2018-02-04 22:41:03',NULL),(81,'小菜','123235','$2y$10$uGZhVPjxAM4y3FUp0SBsh.jdcxHrD9OT.HSJKegCUDlCf94Xa8FMa',NULL,'2018-02-04 22:41:03','2018-02-04 22:41:03',NULL),(82,'小朱','123236','$2y$10$yXXOCYC1J0jvv3VG7kTvdOh1qHhmmYj06m3e7r5EQkoCjHdzGeO1i',NULL,'2018-02-04 22:41:03','2018-02-04 22:41:03',NULL),(83,'小林','123237','$2y$10$u2VJd8oYJngCPmBRbifW/.k5BV9eTxTCcRMlkN4j8OTMR7WARevXi',NULL,'2018-02-04 22:41:03','2018-02-04 22:41:03',NULL),(84,'小王','123238','$2y$10$Ses3n3.SIqMn/HfIOuBI.OYevgBa8MqQFfWnVobnVY6BJNQzw0Pnq',NULL,'2018-02-04 22:41:03','2018-02-04 22:41:03',NULL),(85,'小李','123240','$2y$10$IvIUjs9pqf6IlKPMk3HTB.ftB712EPOqYSAFkXI79KpJlB4iwebYW',NULL,'2018-02-04 22:50:25','2018-02-04 22:50:25',NULL),(86,'小明','123241','$2y$10$m2caBe7GC96e12rfGzxhKe4EsAJG2j7ePwa99uGFR6mNksG0MZeEO',NULL,'2018-02-04 22:50:25','2018-02-04 22:50:25',NULL),(87,'小花','123242','$2y$10$/lPDn0qMZzD3wKrTP8SDcOJKiZPIe4yxRY7MELay9mVaILrJE9z8y',NULL,'2018-02-04 22:50:25','2018-02-04 22:50:25',NULL),(88,'小华','123243','$2y$10$dKQR.8q2dJoVE9sPgb6A6OAAuFNTgk2MBMqAi6/WQxJ.Z7YYBA0PW',NULL,'2018-02-04 22:50:25','2018-02-04 22:50:25',NULL),(89,'小李','123244','$2y$10$3LRLOw8HkF9c8LbxTA4BX.qM5x60hydC8hebhsiOgmVwVBD9bT3N2',NULL,'2018-02-04 22:50:25','2018-02-04 22:50:25',NULL),(90,'小菜','123245','$2y$10$1V8r.ODqgsrdtujkMFLjO.um8wK2K6TZb6FmCSHiU1qIzZa6O9KRu',NULL,'2018-02-04 22:50:25','2018-02-04 22:50:25',NULL),(91,'小朱','123246','$2y$10$SObIjel2gU20W1YuyEHWYeirMg5CZh1/GkJipbopZFtIUsbxDHMOG',NULL,'2018-02-04 22:50:25','2018-02-04 22:50:25',NULL),(92,'小林','123247','$2y$10$ZaD9yyqWkcac6bD30JexxuDMzKc4WMZoBtOdl3rkBEXSgzHMmrNH2',NULL,'2018-02-04 22:50:25','2018-02-04 22:50:25',NULL),(93,'小王','123248','$2y$10$sNGJ7OPkO..Fox.ciWOlKeyRZFJIRUhgMtth7rYogcTelbVVsWvUW',NULL,'2018-02-04 22:50:25','2018-02-04 22:50:25',NULL),(94,'小李','123250','$2y$10$z/DLh3CitmL8RVAZhvbj8uSO46dLEIRwwBnSrY8./vzr2St9Qiew2',NULL,'2018-02-04 22:50:56','2018-02-04 22:50:56',NULL),(95,'小明','123251','$2y$10$4s1IRGGeTt7kWjJj5HsXLOckDuzAspkQbE5Xc6lDrggPGEjF.RHky',NULL,'2018-02-04 22:50:56','2018-02-04 22:50:56',NULL),(96,'小花','123252','$2y$10$qQQteC9xi2Nw4FZae7i2COreXJmkdAlnxtMx39maVsFYwOqu0bbKS',NULL,'2018-02-04 22:50:56','2018-02-04 22:50:56',NULL),(97,'小华','123253','$2y$10$nHJC185KW80HMX1d.toF4OPVqOQBNTUNLDzf/8BBOOw/SP5GrH4mi',NULL,'2018-02-04 22:50:56','2018-02-04 22:50:56',NULL),(98,'小李','123254','$2y$10$reALsj/91BAryf1a.8HEZ.IOg9SNAP3bbWEFs6cLlG5u9ZHLWfPFC',NULL,'2018-02-04 22:50:56','2018-02-04 22:50:56',NULL),(99,'小菜','123255','$2y$10$b73fXMjwnlc.iiYpdzwtXepDdo1fJ5.3UJy8yrrdj4.ricaMpM/9i',NULL,'2018-02-04 22:50:56','2018-02-04 22:50:56',NULL),(100,'小朱','123256','$2y$10$RQxxqcqVb1wn7SCf6xYeUuRFmb/hYLaZFOR4nvovzKlP6hO.rkHQS',NULL,'2018-02-04 22:50:56','2018-02-04 22:50:56',NULL),(101,'小林','123257','$2y$10$L63QpfPhXx/EPvB5UL7tCeGzeVki0QuNj2kbf4mxp1fNp3CN2tpp2',NULL,'2018-02-04 22:50:56','2018-02-04 22:50:56',NULL),(102,'小王','123258','$2y$10$Vz065wq8GC4tJgXJdUkTqe4tanfrr0FmyVVboq4rCr7yPAbIZ4QgG',NULL,'2018-02-04 22:50:56','2018-02-04 22:50:56',NULL),(103,'小李','123260','$2y$10$8QoSl52wDBj/LVAdqZ1eN.QJR9yadmuEOd96e0uWyHzm6Ye6ojD6O',NULL,'2018-02-04 22:51:27','2018-02-04 22:51:27',NULL),(104,'小明','123261','$2y$10$nVvu8gFFe/V4/s..zYwdmuURhxjSTCMO2j/ettYjb4v0Rzs3roP7u',NULL,'2018-02-04 22:51:27','2018-02-04 22:51:27',NULL),(105,'小花','123262','$2y$10$2TzqnQDO2gIVNNmhre0pNOG1Tfyz2xzDIbIrowZzOaF4o5gEBvAx2',NULL,'2018-02-04 22:51:27','2018-02-04 22:51:27',NULL),(106,'小华','123263','$2y$10$55/u4NftlnV0Up26rDPUNuxVDWKfpzybG.Ow7acPSaHkjcT6IKI.i',NULL,'2018-02-04 22:51:27','2018-02-04 22:51:27',NULL),(107,'小李','123264','$2y$10$2xWQ/EFjxTKesSdc39bYCOrdNvRX1exweza7JYaUk6O4xsJRCW5fO',NULL,'2018-02-04 22:51:27','2018-02-04 22:51:27',NULL),(108,'小菜','123265','$2y$10$ZXOjGUagB9ILbgROgnq5.e7c3EZiaqmCUlDkdQw8GQzszt2F9YoUG',NULL,'2018-02-04 22:51:27','2018-02-04 22:51:27',NULL),(109,'小朱','123266','$2y$10$RhL7PRFlYC1paYOmBBUCre6aIOoDsO51m3Nvdxfol4gCzljIFTswW',NULL,'2018-02-04 22:51:27','2018-02-04 22:51:27',NULL),(110,'小林','123267','$2y$10$7nExstnJ9HN5SUw63xBvI.1C9g93XDzbpCfzHnhp3e9I/BA.DGEnu',NULL,'2018-02-04 22:51:28','2018-02-04 22:51:28',NULL),(111,'小王','123268','$2y$10$BVSFKLgp21bK/KNbGXFDguszBDW0SkZag6TmtIZ.O3BOiRdndkiMO',NULL,'2018-02-04 22:51:28','2018-02-04 22:51:28',NULL),(112,'小李','123270','$2y$10$YMHIVIxfDQx1iZMLys9hee8e9QgEuRbKFrfrezyNmID8I3/aXEey.',NULL,'2018-02-08 03:16:01','2018-02-08 03:16:01',NULL),(113,'小明','123271','$2y$10$j1EchGcA8ZjmSCftuCZfn.MlPhOWRF7oEoowwshU2mJtXJSUrsM.a',NULL,'2018-02-08 03:17:00','2018-02-08 03:17:00',NULL),(114,'小李','123280','$2y$10$06Sdym7k1FUbpn5ZHBTnzu.MDrMqKNClpJ2LNwL7EHJMcA34.DnrG',NULL,'2018-02-08 03:19:45','2018-02-08 03:19:45',NULL),(115,'小明','123281','$2y$10$DNhRxJtUtIFtIic.yU9uE.FGHDum.mFMpkYybY8WPZnfyzacFui26',NULL,'2018-02-08 03:22:01','2018-02-08 03:22:01',NULL),(116,'小花','123282','$2y$10$pECNL9JrY//bWKbZarFobuRO2fLOPmM97jDWR7Wb4qX.PgqB3ELMy',NULL,'2018-02-08 03:25:25','2018-02-08 03:25:25',NULL),(117,'小华','123283','$2y$10$7pjiDF1y.QT4MIGFu42jnensYFzVJYXXhLPrLMnzJp.1Mqv/h7aFq',NULL,'2018-02-08 03:25:25','2018-02-08 03:25:25',NULL),(118,'小李','123284','$2y$10$16hsT6JtrC3urfKhQLdKWumnTEQQd/Zofxocj9HN0X.tMLbY5fpb2',NULL,'2018-02-08 03:25:25','2018-02-08 03:25:25',NULL),(119,'小菜','123285','$2y$10$owyDUA8VYNSEEAMEH0l.bOhIn5bGKeMnQi8YnwQSyefhqJn.4T.M.',NULL,'2018-02-08 03:25:25','2018-02-08 03:25:25',NULL),(120,'小朱','123286','$2y$10$8TBSwHq5j54JDdETyg2.Tu29GkUFj9t7jq0Q0ZHalS5BPkwNyNxJ.',NULL,'2018-02-08 03:25:25','2018-02-08 03:25:25',NULL),(121,'小林','123287','$2y$10$sW2ylymy95ws6h9jp.MWzeg35gnW.5AbSfZRfo8.Ny2j7dmggrnMq',NULL,'2018-02-08 03:25:25','2018-02-08 03:25:25',NULL),(122,'小王','123288','$2y$10$IphFVJfJfMdvBEsHcbMDou3yPdURwn/xl7EquJEz4zA40mSL516YW',NULL,'2018-02-08 03:25:25','2018-02-08 03:25:25',NULL),(123,'小李','123290','$2y$10$2RT4VxxMog.z54sqdWdc0e.qNuXgc4DNNQDbx1HG.Z7/RmlPvdd5S',NULL,'2018-02-08 03:26:40','2018-02-08 03:26:40',NULL),(124,'小明','123291','$2y$10$uxIXgpCWHj/MbIdi15dg9u4gjoFEM4V84lZk592q3SG7vOCPecXMG',NULL,'2018-02-08 03:26:40','2018-02-08 03:26:40',NULL),(125,'小花','123292','$2y$10$77F8.zx9YjcWdniWIAN8Eelf1DERdG10vcxWtT6GC7VFbboqqGlHu',NULL,'2018-02-08 03:26:40','2018-02-08 03:26:40',NULL),(126,'小华','123293','$2y$10$ww/jWEAtEp9sU7HHbFODN.HQ5lBmeRqoIcVhYv8HobuxtrMhzQc5i',NULL,'2018-02-08 03:26:40','2018-02-08 03:26:40',NULL),(127,'小李','123294','$2y$10$tZSRSCUQDmrkkuJ39rqCHuuwlZkpauRU7JlpV5EtvWILnQkyntl4e',NULL,'2018-02-08 03:26:40','2018-02-08 03:26:40',NULL),(128,'小菜','123295','$2y$10$QV7qC6yn9sseaZx2xyA6jeIrl9TSDaDZdFiZ8Y/NkLxEOGBLqi8.O',NULL,'2018-02-08 03:26:40','2018-02-08 03:26:40',NULL),(129,'小朱','123296','$2y$10$P0uZ3K7qFyeN2ebZUvwj1.hFYOQ9SncUGuqWI0W/ibJn9eWf4EDcW',NULL,'2018-02-08 03:26:40','2018-02-08 03:26:40',NULL),(130,'小林','123297','$2y$10$.FPyJF/527ietTMk2qojr.gohNxRq87qCwvG0KOIB0FElmhd6o5My',NULL,'2018-02-08 03:26:40','2018-02-08 03:26:40',NULL),(131,'小王','123298','$2y$10$7iLMV0xwNLHem7EMn7JHreyI3oP56sHhkP/442pAQEgycbzRI9/QW',NULL,'2018-02-08 03:26:40','2018-02-08 03:26:40',NULL),(132,'小李','123299','$2y$10$dD5UbgXZqKSB6UOjFTZIn.E4ne/znvrGf30.rZmnpqpHcJaL3qT42',NULL,'2018-02-22 04:04:40','2018-02-22 04:04:40',NULL),(133,'小明','123300','$2y$10$e09KixtODQomT.k3zXDXp.oG2M5M6r42iUx8yfPyywnravy71gEfC',NULL,'2018-02-22 04:04:40','2018-02-22 04:04:40',NULL),(134,'小花','123301','$2y$10$Q9.NSWvfo9wNaowNOdYEe.xUe0eHSl0wBeq5tMSe6IgyKYhQMIVyu',NULL,'2018-02-22 04:04:40','2018-02-22 04:04:40',NULL),(135,'小华','123302','$2y$10$aTWKt2lBBx7nxT0rQzDUoeGrapqN5zieYXe77cq9hK879n0.PpevW',NULL,'2018-02-22 04:04:40','2018-02-22 04:04:40',NULL),(136,'小李','123303','$2y$10$FgJBhbfDrdeqOuVrXE2xIODFeKbVsAq5mOZ1ip3x7uTylwZ7risIy',NULL,'2018-02-22 04:04:40','2018-02-22 04:04:40',NULL),(137,'小菜','123304','$2y$10$/ytKmeD7YdZn6uxhFwVRGeCFIMA/pwNgQv1VdtXwGGiJk837zqoM6',NULL,'2018-02-22 04:04:40','2018-02-22 04:04:40',NULL),(138,'小朱','123305','$2y$10$vFeDggcEPL7KalMcLH53E.gk35d2rq5kxddWtskeTbCW.ftdOnGGq',NULL,'2018-02-22 04:04:40','2018-02-22 04:04:40',NULL),(139,'小林','123306','$2y$10$PB8vV/hwL/cCrAN8owZsfu8HAq4/3UB4bZX51Y75udWkmP5nAh0Mm',NULL,'2018-02-22 04:04:40','2018-02-22 04:04:40',NULL),(140,'小王','123307','$2y$10$KjibFbLzzD3mZTS/OiAimOSrcrJ.hQLb.E9zv0Dc9OEliLKPXwqtG',NULL,'2018-02-22 04:04:40','2018-02-22 04:04:40',NULL);
/*!40000 ALTER TABLE `users` ENABLE KEYS */;
UNLOCK TABLES;

--
-- Dumping routines for database 'attendance'
--
/*!40103 SET TIME_ZONE=@OLD_TIME_ZONE */;

/*!40101 SET SQL_MODE=@OLD_SQL_MODE */;
/*!40014 SET FOREIGN_KEY_CHECKS=@OLD_FOREIGN_KEY_CHECKS */;
/*!40014 SET UNIQUE_CHECKS=@OLD_UNIQUE_CHECKS */;
/*!40101 SET CHARACTER_SET_CLIENT=@OLD_CHARACTER_SET_CLIENT */;
/*!40101 SET CHARACTER_SET_RESULTS=@OLD_CHARACTER_SET_RESULTS */;
/*!40101 SET COLLATION_CONNECTION=@OLD_COLLATION_CONNECTION */;
/*!40111 SET SQL_NOTES=@OLD_SQL_NOTES */;

-- Dump completed on 2018-02-24  0:36:01
